Hours Studied,Previous Scores,Extracurricular Activities,Sleep Hours,Sample Question Papers Practiced,Predicted_Performance_Index
7,99,1,9,1,91.849257564293
8,51,1,7,2,45.07033420535419
8,91,0,4,5,84.33177156671533
5,79,0,7,8,65.58487780808522
2,72,0,4,3,47.42898366164824
2,54,1,4,9,30.884869469864633
1,99,1,4,3,72.6486711834834
1,85,0,5,6,58.88183054108932
3,61,0,6,3,40.06400998089236
9,84,1,6,6,81.8305379974075
5,90,1,4,3,74.92976724909849
3,61,1,7,3,41.144160802955376
7,44,1,9,1,35.85807828980048
2,55,1,4,1,30.321103060714442
2,63,1,6,0,39.23999102492807
4,73,1,7,0,55.628069914720264
8,61,0,7,2,54.65661775418098
2,89,1,6,1,65.90627198145577
6,81,0,9,9,71.65190634624975
6,62,1,9,0,51.12391849341558
2,54,1,9,5,32.52507533134091
8,48,0,6,0,40.54067209660179
9,97,1,8,5,95.83953316839316
1,87,1,8,8,63.36591112317874
7,61,1,4,7,51.919683893975325
8,62,1,4,2,54.80991018821555
8,68,0,7,3,61.98049132497491
3,54,1,5,0,32.45240035484387
3,69,0,4,7,48.02663552228851
7,80,0,8,3,71.82214631912237
9,99,0,4,1,94.5458714317495
8,61,1,6,9,56.14839303074411
3,48,0,7,5,27.711398163256902
8,64,0,5,1,56.540518682239714
7,53,0,5,9,44.063248418394615
7,89,0,8,1,80.58889232868589
5,40,0,4,9,24.621105204539184
7,68,0,4,8,58.64962660005195
3,67,0,9,8,48.61941590762134
4,56,0,4,7,37.65317904413238
7,91,1,6,3,82.64187312404673
9,89,1,5,3,85.84125480289461
4,54,0,7,5,36.68034907083456
7,96,0,5,3,86.65182950875575
8,96,0,8,9,92.15765252812255
6,59,1,4,9,47.41826571444145
8,48,0,5,4,40.845346064508384
1,72,0,7,0,45.43365083029496
4,77,1,8,6,61.37271652536209
2,53,1,8,9,31.811727857893096
3,56,0,5,7,35.27857674202691
1,96,0,8,6,71.53872626802496
1,72,1,5,7,46.43920614951238
8,40,1,7,7,34.86071575702106
2,45,1,4,3,20.536335609796495
5,72,1,8,1,58.154814171475856
1,69,1,9,8,45.52774513614508
5,49,0,6,5,33.964844166167985
7,58,1,6,2,48.849442078038145
8,62,0,6,8,56.37476012606813
1,43,0,6,4,16.215702998923675
8,58,0,5,1,50.43239003411325
4,66,0,4,5,47.43794649505032
6,73,0,8,7,62.626067895442596
1,95,0,8,6,70.52070482667057
9,77,1,9,1,75.1744303733984
6,46,1,9,7,36.21963980093657
3,65,0,4,4,43.36137931293164
4,48,0,5,1,28.80888658276436
2,55,1,6,7,32.47988386328432
8,93,0,7,2,87.23330387752208
7,49,1,7,3,40.371192544507245
4,47,1,5,1,28.384796006127267
5,87,0,5,3,71.76799201766369
8,65,0,6,5,58.83565400619214
3,54,1,6,3,33.53179075612881
6,77,0,6,8,65.92343722748188
3,62,1,9,0,42.54145171506199
4,62,1,4,6,44.15751507566306
4,78,0,8,3,61.203636658059956
5,92,0,7,2,77.63281565781409
7,52,0,6,5,42.74055300913361
6,83,1,4,7,71.45533334432113
3,48,0,5,1,25.94806432331316
2,66,1,6,3,42.887225792930515
5,68,0,4,8,52.92798208114957
1,76,0,8,5,50.980573959623705
3,90,1,7,7,71.45767652748555
3,46,1,4,2,24.21745582928903
9,72,0,7,1,68.5179523872176
5,77,0,7,4,62.7579410001241
4,89,1,7,8,73.49820082689541
8,44,0,6,5,37.45720373774953
2,99,1,9,5,78.33604019228935
1,99,1,4,6,73.24184162742264
9,93,0,7,5,90.68729658091252
8,91,0,5,8,85.4111619680003
9,96,1,4,3,92.48118493502975
1,61,0,8,3,35.3148053766814
3,73,1,5,0,51.794807740577646
2,45,1,4,5,20.931782572422648
4,41,1,8,2,23.93305071135103
5,44,0,6,0,27.886119552830564
7,84,0,6,9,76.10813305772703
4,89,1,7,1,72.11413645770389
7,51,1,6,7,42.71190939512267
1,40,1,8,9,15.716626860834566
5,83,0,5,0,67.10273580830682
1,83,0,8,0,57.11810664253918
1,86,1,5,9,61.086953291100265
2,41,0,8,8,18.803816215609785
8,88,0,5,8,82.35709764393707
6,77,0,6,4,65.13254330222958
5,87,1,9,2,74.10907923045079
9,65,1,4,8,61.911137659608436
1,94,1,9,3,69.98966376343992
5,56,1,5,2,40.60553471908123
1,99,1,4,6,73.24184162742264
5,62,1,7,2,47.6861032818991
7,85,0,9,8,78.3870908898055
3,82,0,6,2,61.24473676802189
5,89,0,7,4,74.97419829637701
1,44,1,7,3,18.116151781028037
3,89,0,8,7,70.33194417875956
3,63,1,6,8,43.682601134883875
1,77,1,4,1,49.85675251106024
1,42,1,8,4,16.764052336978004
3,80,0,7,3,59.89263732397185
8,88,0,9,2,83.11563658544148
2,81,0,6,1,57.16816958590321
9,50,1,9,9,49.26963930733394
5,81,0,6,5,66.5415302895091
9,86,1,6,9,84.45975132405553
9,88,1,5,4,85.02095684285328
3,76,1,5,9,56.62838339645855
7,79,1,9,4,72.08199918114406
1,99,0,7,5,73.9088471534294
9,98,0,6,7,95.68663079296496
4,40,1,6,5,22.535759799244424
3,75,1,5,8,55.41263847379107
9,44,0,5,1,39.04091211460271
5,59,0,5,1,42.867944697114076
3,76,1,5,6,56.03521295251932
4,87,1,5,1,69.10565366030366
5,40,1,7,8,26.475972459980568
5,70,0,7,4,55.631790910643225
9,90,0,5,8,87.25396278609708
2,44,1,6,4,20.688477564446593
6,40,1,4,0,26.29634699689
3,64,1,9,1,44.77521807908389
1,43,1,7,4,17.295853820986707
4,91,0,9,5,75.31958231563914
4,45,0,6,8,27.625106585238385
6,95,0,8,7,85.02253960523961
7,85,1,9,4,78.1901278292705
3,72,1,8,3,52.828616615199614
8,54,0,6,6,47.8351416326067
7,75,0,8,6,67.32520955628954
1,53,1,8,5,28.160011673189587
3,95,1,4,2,74.10050645565508
1,53,1,6,2,26.59440131455893
9,42,1,8,0,38.859736487335276
5,89,1,6,7,75.67507964768782
5,61,0,8,1,46.362647451860035
5,74,0,5,3,58.53371328005637
4,80,0,5,5,62.176466631357776
2,52,1,7,8,30.10976297787989
9,74,1,8,6,72.62276349855483
1,90,1,5,5,64.3681451312656
1,71,0,7,9,46.195140720758225
9,58,0,6,4,54.372602694849384
8,93,1,6,2,87.34101478489367
9,52,0,4,5,47.48975761334457
9,64,0,6,1,59.88756089903662
2,42,0,8,9,20.01956113827727
6,59,1,4,1,45.83647786393684
1,71,1,9,6,47.16834105622774
5,87,0,9,7,74.50376577229886
7,89,0,9,4,81.66828272997083
6,52,1,6,6,40.6713850957128
3,67,1,8,6,48.33167985236678
5,60,0,9,0,45.63312248653826
5,99,0,7,5,85.35213619123417
3,66,0,9,7,47.403670984953855
1,99,1,9,8,76.06838837677736
1,99,1,9,3,75.079770970212
2,68,0,7,1,44.42011080564159
1,59,0,4,8,32.3225000711551
5,91,1,4,8,76.9364060970183
7,54,1,4,5,44.3980868418683
2,95,0,9,7,74.06547052478055
3,56,1,7,6,36.64722404012256
4,50,1,6,7,33.11142117541467
6,44,1,7,3,32.420263078284016
1,65,0,8,2,39.18916766078596
5,47,0,4,9,31.747255294020043
5,95,0,9,1,81.46159641525568
2,80,1,5,0,56.06013557060731
3,95,1,5,1,74.38900293168774
7,75,0,8,1,66.33659214972417
8,55,1,5,9,49.55404442527195
3,75,1,5,7,55.21491499247799
5,53,0,8,8,39.60254029021629
5,95,1,8,1,81.56930732262728
9,84,1,8,8,83.19842487472508
9,72,0,7,6,69.50656979378297
6,55,1,6,6,43.725449419776034
8,45,0,4,8,38.09595570835173
3,42,0,9,3,22.180262467195725
8,51,1,6,8,45.77045513588694
2,72,0,9,1,49.46463648575067
8,70,0,8,3,64.50275416502947
7,66,1,8,7,58.95467093013024
9,41,1,8,5,38.83033245254624
7,51,1,8,5,43.28890234718795
5,61,0,7,0,45.678704013201234
6,76,0,8,2,64.69151481294045
1,71,1,6,5,45.51195770287752
2,63,1,9,4,41.48954482221752
4,92,0,8,2,75.25821335570862
6,82,0,4,6,69.64565755693633
6,57,0,9,2,45.83532738455238
4,66,0,8,6,49.580549805746266
8,55,0,5,1,47.37832571005003
9,57,1,4,8,53.766966128773156
1,42,1,8,1,16.170881893038775
6,93,0,5,5,81.1323898878675
6,55,1,9,1,44.1954918852478
6,45,1,5,3,32.465844604947
7,90,0,8,2,81.80463725135337
8,89,1,5,8,83.96904995000878
7,53,0,9,1,44.42634039727286
8,86,1,5,9,81.11270910725864
5,87,1,6,7,73.63903676497901
6,44,0,9,8,33.78738953482351
1,71,1,6,6,45.70968118419059
6,92,1,9,4,82.45545565930018
3,45,1,7,4,25.053541222597914
3,64,1,4,7,43.53045918023377
4,48,0,9,4,31.34693685608645
6,82,0,6,7,70.81582095294084
4,75,0,6,5,57.57257938193144
2,92,0,9,0,69.62734183152577
9,92,0,5,2,88.10366478092746
2,47,0,8,6,24.516497901110085
8,88,1,5,2,81.76468762077593
2,66,0,8,6,43.85890528684387
3,58,1,6,1,37.20842955892028
1,64,0,6,9,38.582770673931655
6,60,0,5,2,46.944511879232756
8,63,1,9,5,58.85220186023776
9,63,0,9,3,60.7236462923455
3,99,0,9,0,79.61431418045782
5,58,1,4,5,42.748528088383544
8,67,0,6,3,60.4762499262748
3,79,1,9,5,60.83643362465234
6,81,0,9,5,70.86101242099744
1,86,0,7,4,60.476844934508996
1,52,1,9,7,28.02365715180705
8,85,1,6,3,79.39456673537148
6,88,0,6,5,76.52850263844115
3,90,1,5,6,70.28751313148106
4,78,0,7,7,61.50831062596654
1,47,0,9,0,20.955554711126148
4,49,0,8,5,32.07646182140822
2,46,0,5,0,20.853475699840075
1,92,1,6,8,67.48357841525936
6,76,1,6,4,64.70845272559248
4,66,0,4,0,46.44932908848494
4,96,1,7,7,80.42662743506321
2,66,1,5,0,41.807835391645575
6,81,1,8,5,70.96872332836904
8,66,0,6,8,60.44684589148577
7,42,0,5,7,32.46956560086995
8,67,1,5,3,60.583960833646394
4,69,0,5,7,51.37367773908543
8,93,0,9,0,87.81029682958737
7,68,0,9,6,60.68527942415438
9,52,0,5,9,48.7668714959426
1,42,1,6,3,15.5938889409735
6,41,0,9,8,30.733325210760277
8,77,1,5,2,70.56645176587742
9,71,0,5,7,67.71383191905022
4,52,0,9,5,35.61674610281717
2,98,0,8,0,75.24925052230651
1,67,1,8,0,41.423694445585944
6,99,0,6,4,87.52901501202658
1,96,0,7,1,70.06388890411387
1,96,1,5,6,70.67399726070514
1,87,0,6,6,61.404093381143845
1,59,1,7,9,34.57281428922264
8,52,0,7,1,45.296701300678215
3,86,0,4,8,65.53072350662654
2,83,1,4,5,59.6165973438902
1,53,1,7,5,27.673791715843876
2,91,1,7,7,69.61487570938877
7,49,0,9,1,40.35425463185522
7,64,1,6,7,55.94618813272999
3,89,1,9,2,70.4234775942572
8,81,0,5,2,74.04460666657775
7,65,0,5,9,56.279505714647534
6,75,0,7,7,64.1758908208057
5,55,1,6,8,41.26007412295099
7,87,0,8,6,79.54146685254247
5,99,0,6,3,84.47046927126232
1,46,0,6,6,19.665214285613054
5,90,0,8,2,76.08299273245098
4,40,1,8,4,23.310476232622776
4,74,0,7,3,56.64533093529659
8,62,0,9,9,58.031143479418354
1,46,1,6,4,19.863698187704216
2,91,1,8,0,68.71703129754297
8,75,1,7,4,69.89829576048618
2,59,0,5,6,35.27409532532587
9,63,1,8,1,60.435910237090944
5,88,0,7,3,73.75845337370953
6,78,1,5,1,65.66510520701635
2,77,0,7,9,55.16409162833589
5,76,1,6,5,62.04535394745435
5,51,1,7,1,36.290143945687525
9,56,0,4,4,51.364119897449136
5,46,0,4,6,30.136063408726407
2,77,1,6,9,55.27180253570749
6,42,0,6,8,30.29268678007754
5,70,1,9,0,56.40726776479966
4,82,1,7,4,65.58115681216225
6,68,0,6,3,55.77262684872681
6,93,0,6,2,81.02543940127399
5,81,1,4,0,65.17440383296957
4,78,0,9,6,62.283027059344896
3,93,0,8,4,73.81085950023797
4,92,0,4,5,73.90650397026496
8,76,1,5,4,69.94387728714915
7,91,0,9,9,84.69294301924504
2,74,0,5,2,49.7535230203897
5,48,0,5,5,32.46060276746787
3,58,0,7,0,36.902995170235606
8,75,0,9,8,71.06769873571261
1,46,0,9,8,21.519321120276352
8,99,1,8,9,95.80564771690308
7,51,1,4,8,41.93719296174431
6,58,1,4,2,45.01617990389551
7,41,1,6,6,32.3339715002655
7,69,1,6,9,61.43174230212819
1,81,0,4,6,54.32352481832596
8,44,0,8,0,37.441026245875584
2,60,0,8,9,38.34394708265665
8,59,1,7,9,54.59857010538099
7,47,0,5,5,37.16422584501586
8,51,0,8,4,45.35807026060876
1,60,1,4,3,32.94583497066143
4,69,1,7,6,52.74232503718108
6,66,1,8,8,56.29157215199212
2,65,1,9,1,42.9324172609871
7,65,1,9,6,58.22514596480847
3,75,1,9,3,56.368900896608544
2,79,0,6,3,55.52757366582053
2,98,1,6,3,75.46391191627163
7,89,0,5,1,79.13023245664874
1,50,1,7,6,24.817450873093726
9,41,1,8,1,38.03943852729393
8,40,1,6,7,34.37449579967535
9,83,0,9,7,81.874969044686
4,93,1,4,0,74.52983886977131
2,69,0,8,0,45.72662872302865
2,74,0,5,1,49.555799539076624
5,97,1,7,3,83.51457721061652
5,45,0,5,6,29.60426192471771
9,82,0,7,3,79.09361376338785
9,43,1,8,8,41.45954577919429
8,84,0,5,8,78.28501187851944
4,49,1,7,0,31.19555532221444
3,84,1,4,6,63.69316452600888
6,85,0,4,3,72.10655143706035
6,60,1,6,8,49.21100358917423
7,49,0,6,6,39.884212166383456
1,95,1,8,1,70.12601828482249
2,78,1,8,4,56.273646485187946
1,93,0,6,2,66.721328104018
3,80,0,7,7,60.68353124922415
9,43,1,9,8,41.945765736540004
4,90,0,8,0,72.82672351037363
5,91,1,7,7,78.19734248774236
9,78,1,8,3,76.10167882003324
3,47,1,4,7,26.224094677208818
9,67,0,4,4,62.562355752347635
8,94,1,5,7,88.86143367546777
8,73,0,4,9,66.79827954758827
2,65,1,7,4,42.553147790234895
8,76,0,9,3,71.09710277050164
8,53,1,6,3,46.81788061203037
9,56,0,4,3,51.16639641613606
7,79,0,9,0,70.69717439117443
5,58,0,6,3,42.73159017573152
9,76,1,8,1,73.67018897469828
5,41,0,7,2,25.7137221487392
2,49,0,6,3,24.98693042518825
6,74,0,8,9,64.03953629942316
7,63,0,6,1,53.14789493877981
9,56,1,5,4,52.44427071951217
2,79,0,8,5,56.89546054313812
6,41,1,4,7,28.69843280743595
4,45,0,5,4,26.34799270264036
4,60,1,8,2,43.275458097084815
1,94,1,4,7,68.34945790196366
1,68,0,6,8,42.45713295803622
6,46,0,6,2,33.17843165761672
3,72,1,9,2,53.11711309123225
6,87,0,7,1,75.20580722918015
2,92,1,5,9,70.05590419867792
2,63,1,6,7,40.6240553941196
4,65,0,4,4,46.222201572382836
1,86,0,5,4,59.504405019817575
7,99,1,8,8,92.74710197613882
4,41,0,7,4,23.248346851914157
3,60,1,8,1,40.21691235632054
3,53,0,6,5,32.31528541268323
1,81,1,6,7,56.087619079047776
2,83,1,9,1,61.256803205366474
8,58,0,6,6,51.90722739802434
5,84,1,6,8,70.78269592222887
2,52,1,8,9,30.793706416538676
3,61,0,6,6,40.65718042483159
3,95,0,6,1,74.28129202431614
7,83,1,5,6,74.60465207980499
1,99,0,9,7,75.27673403074698
9,74,1,7,9,72.72971398514835
1,53,1,9,5,28.646231630535304
6,52,1,7,5,40.959881571745434
6,86,0,7,2,74.38550926913882
1,53,0,5,0,25.118803529869744
2,90,0,8,1,67.30280247278432
9,75,1,6,7,72.8660685065309
6,40,1,4,9,28.07585832870769
2,92,1,7,4,70.03972670680395
8,50,1,4,5,43.186823335901856
3,66,0,8,8,47.11517450892122
9,61,1,9,9,60.46787516223245
9,85,1,7,6,83.33477939610762
9,88,1,8,5,86.67734019620349
2,85,1,9,1,63.29284608807529
8,49,0,5,6,42.25881446848894
8,63,1,5,0,55.918704624289525
4,48,1,9,6,32.33631468342991
4,56,1,5,1,37.54698897831695
6,77,0,6,4,65.13254330222958
6,79,0,8,3,67.94330261831675
6,76,1,5,7,64.815403212186
7,45,0,8,4,36.3891193530311
9,60,1,9,7,59.05440675825189
3,75,0,8,1,54.89330311191937
4,75,0,9,9,59.82213317922089
8,64,0,5,7,57.72685957011817
7,50,0,7,7,41.58617704639665
3,84,0,6,6,64.071673575983
3,87,1,8,5,68.49438519814191
1,96,0,7,5,70.85478282936617
4,75,1,9,7,60.02061708131205
4,42,1,7,0,24.06940523273358
2,48,0,7,1,24.059681978553407
4,47,0,6,0,28.079361617442594
6,77,1,8,9,67.68753148820369
7,43,1,9,2,35.03778032975915
5,81,1,5,3,66.25379423425454
5,43,0,7,9,29.133829400639556
8,83,0,9,5,78.61869982260865
9,43,0,4,4,38.12984115984181
8,48,1,4,0,40.16216304662766
4,51,1,9,0,34.20403811961469
7,94,0,9,1,86.16521949280366
4,47,1,8,9,31.425243728669024
4,59,1,8,2,42.25743665573041
9,78,1,6,7,75.92013283059413
5,74,1,6,5,60.00931106474554
1,88,1,4,5,61.84588229121105
8,96,1,5,9,91.29292352080273
4,98,1,9,6,83.23738675115038
2,95,0,4,2,70.64575333148659
9,46,1,4,2,41.3823893859962
5,70,0,4,4,54.17313103860608
4,57,1,9,4,41.103060692993445
7,53,0,6,8,44.35174489442725
3,78,1,6,9,59.15064623651309
5,98,1,8,7,85.80971253456894
3,76,1,9,8,58.37553974452833
5,48,0,9,3,34.01003563422457
8,59,0,4,9,52.54597936862654
9,96,0,6,8,93.84831139156924
2,67,1,7,2,44.19374371031757
7,92,0,9,1,84.12917661009485
6,66,1,6,3,54.330514830735304
4,47,0,8,6,30.238142420012473
7,96,1,7,2,88.0204768068514
8,71,0,9,6,66.6001660076688
5,48,1,7,7,34.422420509502764
6,69,0,9,7,59.04020208737068
7,40,1,4,8,30.73895710684581
1,44,0,8,6,18.601611317595662
8,74,1,5,6,68.30328136706649
8,53,0,7,5,47.10561666728493
4,69,0,4,0,49.50339341254817
1,43,0,9,0,16.883468945708515
1,46,1,5,5,19.575201711671575
9,52,1,7,6,49.7400718314121
9,43,1,6,8,40.48710586450286
9,82,0,6,5,79.00284076866828
2,75,0,6,0,50.862317456463664
3,47,0,9,2,27.072646192654695
6,71,0,7,9,60.49925201801421
2,81,0,7,2,57.852113024561994
7,65,0,8,0,55.95865425486699
5,81,1,5,1,65.85834727162839
3,86,1,6,9,67.29481776734838
9,57,1,8,7,55.51412247684295
3,97,0,7,9,78.38534271487526
5,83,1,7,0,68.66910658771556
8,96,0,9,5,91.85297856021597
6,40,1,6,2,27.664233874207582
5,87,1,9,5,74.70224967439
4,67,0,7,3,49.51918084581572
6,44,1,5,6,32.04099360753181
4,40,1,6,6,22.7334832805575
4,97,1,8,0,80.5468044645718
2,92,0,4,1,67.39396552611026
9,92,1,7,3,89.86775904164926
7,94,0,5,5,85.0112335886731
7,65,1,7,0,56.066365162238576
8,46,0,9,5,40.9519064924955
8,94,1,6,4,88.75448318887425
4,91,0,9,7,75.71502927826529
7,65,0,5,8,56.08178223333446
4,53,1,5,4,35.08609509819295
7,47,0,8,5,38.622885717053
1,67,0,4,6,40.071224639364225
1,96,0,8,7,71.73644974933805
6,58,1,4,8,46.20252079177397
3,71,1,4,5,50.261162307088476
2,62,1,9,4,40.4715233808631
1,56,0,6,2,29.05453477390484
3,77,0,5,4,56.06385656653028
4,61,1,7,5,44.400430025032726
7,87,0,7,8,79.4506938578229
8,90,1,7,2,84.77317041817616
1,52,1,7,0,25.667152867924088
9,91,1,7,1,88.45429063766869
6,62,1,9,2,51.51936545604173
7,51,1,5,0,40.84162506858542
2,57,0,6,2,32.933378474710445
6,97,0,9,3,86.75390852004185
2,53,0,5,2,28.375072751947094
6,97,1,9,7,88.13873331001145
9,77,0,9,0,74.38277602736801
9,97,1,4,0,92.90603593244492
7,96,1,9,1,88.79519324022976
8,91,1,7,2,85.79119185953056
7,71,0,9,4,63.34389678559146
9,96,0,6,9,94.0460348728823
4,73,1,4,3,54.76258048662235
6,53,0,9,2,41.76324161913474
2,83,1,4,1,58.82570341863789
8,56,0,9,3,50.73667394341344
5,54,1,9,9,41.898436034946805
2,71,1,8,8,49.93839032095938
4,52,1,5,1,33.474903212899314
1,60,1,7,8,35.39311224926396
2,79,1,7,9,57.79406537576201
9,96,1,8,9,95.61240565229105
9,55,0,7,7,52.397928772071104
7,70,1,9,6,63.315253171580515
6,75,1,4,1,62.1248209256074
6,99,1,6,4,88.1229458767439
7,84,0,7,0,74.81484168325505
3,51,1,7,6,31.557116833350527
2,95,1,9,7,74.65940138949784
4,43,0,7,1,24.691219290683748
9,67,1,7,1,64.02177604516285
4,81,0,7,5,64.1669279874036
3,49,0,9,5,29.701859519302744
2,80,1,7,2,57.42802244792488
9,88,0,5,6,84.82247294076211
3,41,0,6,5,20.09902811643032
3,67,0,4,3,45.199698714327376
1,92,1,4,6,66.11569153794176
4,50,0,5,6,31.83354687203856
6,98,0,8,2,87.08798652273745
7,41,1,6,8,32.72941846289165
4,80,1,9,8,65.30844776939716
7,73,1,4,2,63.14732378366285
5,92,1,4,6,77.55898057574655
7,61,0,5,0,50.42790861741221
5,62,1,6,1,47.002159843240314
6,58,1,8,1,46.763336251965306
5,87,1,6,3,72.8481428397267
5,71,1,4,5,55.98280682599087
4,86,0,7,3,68.86158823154952
5,78,1,7,4,64.36989330619582
4,96,1,8,0,79.52878302321741
7,74,1,5,2,64.65156518236299
6,53,0,5,6,40.60925571500419
9,78,0,7,4,75.21925147928329
5,87,1,6,7,73.63903676497901
8,98,1,5,9,93.32896640351154
1,48,1,7,3,22.188237546445677
8,56,0,4,5,48.701021119311015
7,56,0,8,4,47.58735520792961
8,98,0,4,9,92.24881558144853
4,77,1,9,7,62.056659964020874
7,85,0,8,8,77.90087093245978
3,69,0,4,2,47.038018115723126
5,66,1,4,7,51.28814658184498
2,55,1,6,5,32.08443690065817
1,62,1,7,3,36.4405377254074
9,61,0,4,8,57.24512102947349
2,66,0,4,3,41.32085501352177
5,41,0,4,8,25.441403164580514
2,65,0,7,2,41.563769962891435
6,67,1,5,2,54.66459283343092
5,58,1,7,2,43.61401751648146
2,59,0,7,5,36.04881175870421
7,69,0,5,3,59.165250592186716
4,42,0,6,0,22.989254410670547
4,85,0,5,3,66.87112687550368
1,78,0,8,0,52.027999435767136
9,67,1,7,4,64.6149464891021
2,90,0,6,0,66.13263907677981
5,96,0,7,7,82.69351882979711
6,59,1,7,9,48.8769255864786
5,73,1,7,5,59.47750958073684
4,97,0,7,7,80.85071801170031
8,73,0,4,1,65.21649169708365
7,92,0,6,4,83.26368718199691
8,59,0,9,0,53.19756782353743
5,94,1,8,9,82.13307373177747
7,58,0,8,6,50.01884505326458
2,84,1,8,0,61.59088120806209
6,43,1,6,8,31.904639086149267
2,94,1,5,2,70.70788271219519
8,86,1,8,8,82.3736454979827
3,72,0,6,5,51.657692798417024
5,41,1,9,6,28.07098685340025
4,81,0,7,9,64.9578219126559
4,64,1,9,8,49.020104707726624
6,54,1,8,7,43.877591374426125
3,63,0,6,1,41.70460590097503
6,70,0,7,7,59.08578361403365
7,45,1,7,2,36.10138329777653
4,57,1,7,2,39.73517381567586
4,90,1,9,8,75.48866218294125
7,55,1,7,1,46.08387423000756
4,66,0,8,0,48.39420891786781
8,85,0,6,9,79.98697675853262
2,49,0,4,8,25.003107917062202
5,62,0,6,9,47.99001682902762
4,52,0,4,1,32.39475239083628
2,61,1,9,9,40.44211934607407
9,62,1,7,5,59.72256276364312
1,74,0,4,1,46.2087573222797
1,42,1,9,7,17.84344273826295
6,41,1,6,0,28.286808352935843
1,88,0,5,9,62.52906530909177
3,71,1,5,9,51.538276189686506
5,72,0,7,0,56.87693986809975
5,55,1,4,9,40.48535768957263
4,95,1,9,5,79.98559894577409
3,95,1,4,9,75.48457082484663
1,41,1,8,8,16.536924820875903
8,53,0,8,2,46.99866618069142
4,95,0,9,6,79.58939156236985
9,94,1,7,5,92.29924888698423
7,69,1,5,8,60.747798863469406
6,59,1,4,5,46.62737178918915
6,95,0,6,9,84.44554665317432
9,70,1,8,2,67.7597838078849
8,46,0,9,0,39.96328908593012
4,94,1,8,3,78.08591058444782
7,52,0,4,4,41.5703896131291
7,89,1,4,5,80.02883728927264
8,95,1,9,6,91.62661146489194
5,91,0,9,4,77.98268109377727
5,43,1,7,0,27.948248933539183
7,54,1,7,1,45.06585278865314
3,91,1,8,5,72.56647096355954
9,47,0,5,2,42.29269991997902
2,93,0,6,4,69.97759732609535
7,48,0,9,1,39.33623319050081
6,96,1,5,9,85.57127900190034
7,74,1,8,7,67.09884246096553
1,91,0,6,1,64.4875617399961
7,58,1,6,4,49.2448890406643
6,87,1,6,1,75.31351813655175
6,91,0,6,2,78.98939651856514
1,40,0,9,6,15.01574550952374
6,90,0,5,4,77.88060208249118
4,79,0,4,4,60.47450175134457
2,93,1,4,2,69.20364131349507
3,43,1,5,5,22.242781906510736
9,57,0,7,9,54.82941861740607
2,60,0,8,2,36.95988271346511
5,40,0,4,5,23.83021127928688
3,75,0,6,5,54.71175712248024
8,47,0,4,9,40.329722072373634
8,66,0,6,9,60.64456937279885
2,58,0,6,9,35.3354642852564
8,91,0,7,1,84.99953751350017
5,80,1,5,6,65.82894323683936
4,50,1,7,3,32.806747207508074
7,60,0,7,8,51.96411494125383
6,46,1,9,5,35.82419283831042
3,62,0,5,6,41.18898190884028
9,76,1,8,1,73.67018897469828
2,72,1,8,4,50.16551783706149
9,54,1,5,7,51.00139828074257
2,42,1,9,4,20.11109455377492
8,92,0,6,7,86.71767988538735
6,41,0,8,8,30.247105253414567
3,80,1,7,0,59.893397744749926
3,40,1,9,9,21.924491337082678
9,47,1,7,1,43.661347218074674
6,86,1,7,9,76.36350450304766
5,74,1,7,1,59.704637096838944
1,99,0,7,3,73.51340019080325
4,84,0,5,3,65.85310543414926
2,83,0,7,6,60.67904983252311
4,83,1,5,4,65.62673833882525
7,83,1,9,5,76.35180842787477
6,45,0,4,5,31.781140745510122
5,64,0,6,5,49.23516578648414
3,70,1,8,3,50.79257373249079
7,80,1,9,5,73.29774410381154
9,41,1,5,7,37.767119543135244
2,60,1,9,4,38.435480498154284
6,92,1,9,7,83.0486261032394
7,83,1,4,2,73.32753819720696
8,73,1,4,6,66.79903996836634
6,99,1,5,3,87.43900243808511
4,48,0,4,7,29.509007513297107
3,95,1,5,4,74.98217337562696
3,69,1,4,1,47.43422549912736
4,61,0,6,0,42.331661796404326
9,50,0,7,8,47.50554504661212
6,52,1,8,9,42.236995454343464
3,55,0,9,4,35.61226468611613
3,40,1,8,0,19.658760047919273
9,50,1,7,5,47.5063054673902
7,83,1,9,8,76.94497887181399
3,80,0,5,9,60.106538297158885
3,67,1,9,0,47.631558921834035
8,81,1,9,3,76.78114084199098
9,40,1,8,9,38.603204936444136
9,67,0,4,9,63.55097315891302
7,97,1,7,9,90.42256261739738
2,94,0,8,0,71.17716475688889
5,56,0,9,5,42.549654127686004
5,65,1,9,9,53.096671889845304
5,59,1,9,0,45.209031909901164
5,52,0,7,9,38.296022372829235
9,45,0,5,8,41.44299792514865
1,62,0,7,1,35.45115989806394
6,41,1,8,4,30.05014219287957
4,56,1,7,3,38.91487585563453
6,71,0,8,6,60.392301531420706
2,42,0,7,9,19.533341180931558
9,41,1,5,5,37.37167258050909
8,80,1,4,5,73.72746657653414
7,57,1,7,7,49.30625800059483
6,83,1,6,3,71.63687933376028
2,65,0,9,9,43.920274246774405
6,51,1,4,0,37.4945828517885
9,60,1,9,3,58.26351283299959
1,87,1,4,4,60.630137368543565
1,47,1,8,8,22.645053469002356
1,62,0,8,9,37.51916770591428
7,52,0,5,8,42.84750349572713
5,93,0,7,1,78.45311361785542
5,92,0,8,6,78.90992954041212
1,88,0,6,8,62.817561785124404
6,53,1,7,1,41.187009087847535
9,55,1,7,5,52.59641267416226
1,78,0,4,6,51.269460494262724
7,71,1,4,7,62.09989830751942
1,57,0,8,0,30.64954916732453
8,69,1,4,5,62.52923072163565
8,97,0,9,6,93.06872348288346
5,58,0,8,2,43.50630660910988
7,86,0,6,4,77.15555853387045
2,45,1,8,5,22.876662401805504
2,59,1,5,6,35.868026190043174
2,77,0,7,5,54.373197703083584
5,97,1,5,3,82.5421372959251
8,80,0,8,2,74.48524509726047
1,97,1,8,7,73.34840205540976
9,63,0,8,9,61.42376722287825
3,65,0,8,3,45.10853566100143
3,53,1,9,8,34.96104659337693
9,87,0,4,3,82.72506109812275
5,98,1,4,6,83.66710922387301
6,79,0,6,9,68.15720359150379
1,42,0,4,2,13.82979468025168
5,77,0,4,0,60.50838720283465
6,95,0,5,5,83.16843277057632
4,79,1,6,4,62.04087253075331
7,72,1,4,2,62.12930234230844
9,53,1,6,9,50.86504375936003
9,99,1,8,8,98.46874649504122
4,67,0,5,6,49.13991137506353
2,54,1,7,6,31.75035889796255
8,53,1,4,3,45.84544069733894
3,65,0,9,1,45.19930865572099
1,41,1,5,5,14.485094504899529
5,49,0,7,4,34.25334064220062
5,60,1,4,0,43.79595356452699
8,99,0,9,3,94.51159592165303
3,83,1,6,3,63.05441255540668
5,92,0,9,1,78.40753209119245
5,47,0,7,9,33.20591516605719
3,83,0,6,2,62.262758209376294
7,91,0,8,7,83.81127609927316
9,80,1,6,4,77.3630052693637
4,63,1,9,9,48.199806747685294
1,79,0,7,4,53.35069484502812
5,95,1,7,2,81.28081084659462
6,96,1,5,6,84.9781085579611
3,98,1,7,7,79.60184805832083
2,73,1,6,6,50.60654632635062
3,50,0,4,1,27.49788724867627
5,57,1,5,3,41.82127964174871
3,82,1,4,3,61.06395119936084
1,57,1,7,8,32.33904792520074
3,52,0,7,4,31.58576044736146
8,40,1,6,0,32.99043143048382
9,43,1,6,6,40.091658901876706
8,67,0,4,1,59.10836304895721
5,65,0,5,4,49.56924378917976
1,62,1,7,6,37.03370816934663
2,78,0,9,3,55.96821209650327
6,77,1,7,0,65.42180019904029
6,74,0,5,4,61.59225902082064
7,69,1,5,1,59.36373449427787
5,92,0,5,8,77.84671663100113
8,77,0,4,2,69.48630094381437
4,68,1,5,5,50.55414019982218
9,91,0,5,8,88.2719842274515
7,43,1,7,0,33.66989345244156
6,98,0,8,0,86.6925395601113
8,55,1,9,3,50.312583366776344
7,64,1,7,8,56.63013157138878
3,50,0,7,0,28.75882363940034
2,95,0,5,8,72.31831417671077
8,75,0,8,3,69.59286137180152
5,47,1,4,5,31.55029223348506
5,85,1,8,5,72.17998683433547
2,80,0,6,0,55.95242466323571
3,61,1,8,1,41.23493379767495
3,90,0,6,5,69.98207874279638
8,49,1,4,3,41.7733549319213
3,73,0,5,5,52.18949428242572
1,85,1,9,5,61.22291775387641
5,68,0,5,6,53.018755075869144
8,84,1,6,9,79.56288618189552
3,48,1,5,3,26.93744215065663
8,78,0,7,0,71.56753529457978
4,94,1,4,5,76.5364777176911
2,71,1,9,9,50.622333759618165
1,89,1,5,5,63.35012368991118
6,95,0,5,6,83.36615625188938
8,90,0,5,4,83.60224660139357
8,56,1,9,9,52.51694569600921
7,58,0,8,8,50.41429201589073
5,91,0,4,4,75.55158130704868
7,96,1,6,3,87.73198033081877
5,82,1,4,6,67.37876616220245
9,69,1,5,9,66.66716686368488
4,81,1,8,1,64.45618488421434
8,51,1,4,9,44.99573870250858
4,52,0,5,3,33.27641931080816
5,91,0,4,4,75.55158130704868
6,59,0,9,0,47.47592330463504
7,76,1,7,7,68.64866538632862
9,98,1,4,8,95.50584522430395
5,60,0,9,2,46.028569449164415
4,64,0,8,6,47.54450692303745
2,65,1,8,1,42.44619730364139
5,40,1,8,9,27.159915898639355
9,83,0,8,9,81.78419604996645
8,45,1,9,7,40.92326287848454
7,67,1,8,6,59.77496889017157
7,84,0,6,0,74.32862172590933
4,69,0,8,5,52.43689064849642
3,57,0,6,3,35.99192421547472
5,66,0,6,8,51.86437911313218
2,60,1,6,5,37.174544107430215
3,99,0,8,8,80.70988207361674
7,79,1,9,6,72.47744614377021
9,54,1,4,4,49.92200787945762
5,91,0,6,3,76.32629774042704
1,57,0,8,3,31.24271961126376
7,94,1,4,2,84.52577405210545
2,76,1,9,8,55.514717485077135
9,99,1,5,7,96.81236314169098
2,91,0,8,2,68.5185473954518
6,59,0,9,5,48.46454071120042
8,40,0,4,3,32.0172310950143
1,60,0,9,5,35.178450855298856
4,62,0,7,1,44.03362667641752
3,93,1,9,5,75.08873380361408
5,58,1,8,8,45.286578361705644
1,67,0,9,3,41.909153982153576
6,70,0,8,5,59.17655660875322
1,70,0,9,4,45.16094178752987
8,61,0,8,9,56.52690208071824
6,84,1,4,5,72.0779078230494
9,48,1,9,3,46.04725553674667
2,91,0,9,2,69.00476735279753
5,48,1,7,0,33.03835614031123
9,55,0,7,2,51.40931136550572
1,71,0,7,7,45.79969375813207
4,53,0,8,9,36.93944151207817
7,47,0,8,7,39.018332679679155
8,85,1,6,8,80.38318414193685
1,82,0,8,7,57.48414957037631
7,95,1,5,6,86.8209093760579
9,67,0,5,9,64.03719311625875
8,85,0,7,2,79.0891323466868
6,87,0,5,3,74.62881427711488
8,59,1,4,7,52.744463270717695
9,72,0,9,0,69.29266882059596
8,41,1,5,1,33.71995639580559
9,56,0,7,9,53.81139717605166
7,91,0,4,3,81.07550234463798
8,76,1,4,6,69.85310429242958
6,56,1,6,4,44.34802389850429
1,77,0,4,4,49.855992090282164
7,74,1,6,7,66.12640254627408
9,86,0,6,6,83.272650015399
1,74,1,7,4,48.854518502973384
4,97,0,5,9,80.27372505963504
6,96,0,9,1,85.34044011606127
8,48,0,9,6,43.18567285651739
1,67,1,8,5,42.412311852151326
4,75,0,8,6,58.74274277793595
9,97,0,6,6,94.47088587029751
1,84,0,9,6,59.80868892911776
6,89,1,5,2,77.06106454322793
6,89,1,8,8,79.70606530314353
2,73,1,4,8,50.029553374285335
6,70,1,7,6,59.48199099743788
6,87,1,9,2,76.96990148990199
4,68,1,9,7,52.89446699183119
8,58,0,5,3,50.8278369967394
9,66,1,4,7,62.731435619649766
7,67,0,8,0,57.994697137575805
6,63,1,6,2,51.078727025358994
1,74,1,6,5,48.56602202694075
5,43,0,6,0,26.86809811147615
1,46,0,8,8,21.033101162930635
2,61,0,4,8,37.21936521331511
6,61,1,4,3,48.26796770927182
6,93,0,8,9,83.38194368515695
4,95,1,8,3,79.10393202580224
8,76,0,5,8,70.14084034768416
2,55,0,5,7,31.399733041221303
5,67,0,8,0,52.27305261867341
3,82,0,5,8,61.944857698554635
1,40,0,9,2,14.224851584271434
3,47,0,7,4,26.49565324058942
4,96,0,7,3,79.04180264509361
4,58,0,4,9,40.084668889467345
5,89,0,9,7,76.53980865500768
4,44,1,6,8,27.201016008601293
1,98,1,5,2,71.91914621816164
2,73,1,8,7,51.77670972235513
6,91,1,4,3,78.80861094990411
9,54,1,9,2,51.957660703560045
4,81,1,6,3,63.87919193214905
7,56,1,8,2,47.78583911002077
7,92,1,8,4,84.83005796140566
4,46,0,7,4,28.33845405868621
1,66,1,4,2,38.856240137474806
8,68,0,8,7,63.257605207572944
2,46,0,9,1,22.996079010536015
8,82,0,8,3,76.71901146128238
2,58,1,5,9,35.443175192628
5,79,0,4,3,63.13760052948269
4,45,1,7,0,27.123469556796806
7,64,1,8,6,56.72090456610835
9,79,1,8,9,78.30604114926612
6,61,0,7,4,49.330420197904736
5,56,0,8,2,41.470263726401065
8,61,1,6,6,55.55522258680488
7,73,1,9,5,66.17159401433065
7,47,0,7,6,38.334389241020354
5,84,1,9,8,72.24135579426601
3,63,1,5,2,42.010040289659706
4,99,0,8,4,82.77981040781563
9,66,0,8,5,63.686937621689175
2,78,1,8,0,55.48275255993564
6,71,1,8,7,61.18395587745109
4,67,1,4,8,49.64306924506126
8,67,1,5,4,60.78168431495947
5,65,0,7,2,50.146236741245026
7,42,1,6,3,32.758822497680676
2,40,1,6,8,17.40728572428126
9,44,0,5,8,40.42497648379425
4,78,0,7,5,61.112863663340384
5,74,1,5,9,60.313985032652134
5,88,1,8,5,75.2340511583987
6,55,1,4,7,42.950732986397675
7,65,0,9,7,57.82893858140424
9,64,1,9,5,62.73104556104338
9,86,0,5,2,81.99553613280099
9,54,0,8,0,50.482062918870874
1,49,1,8,6,24.285649389085023
1,40,1,7,6,14.637236459549626
7,73,0,4,0,62.15794595631939
8,62,0,9,8,57.83341999810528
3,82,0,5,6,61.54941073592848
9,64,0,4,3,59.31056794697134
3,52,1,8,6,33.061358232050644
4,72,1,7,0,54.61004847336586
4,81,0,4,1,61.91737419011415
7,71,1,5,0,61.20205389567361
3,79,1,6,0,58.38915634604981
8,83,0,4,1,75.39670611062778
3,80,0,8,7,61.16975120656988
3,81,0,5,8,60.926836257200215
2,49,1,6,7,26.37175521515787
1,68,0,8,3,42.44095546616227
5,56,0,7,8,42.1703846569338
6,65,0,4,3,51.746122609972154
6,60,1,7,5,49.104053102580714
8,56,1,6,7,50.66283886134591
2,79,1,6,2,55.923781049224765
5,79,1,9,1,65.76718421830242
7,88,1,6,0,78.99463835604428
8,41,1,6,8,35.590240722342834
4,98,1,9,4,82.84193978852423
9,87,0,7,3,84.1837209701599
6,51,0,5,2,37.78231890704307
1,55,1,7,1,28.91894067330039
6,42,0,8,6,30.86967973214282
6,97,0,5,4,85.00675217197207
2,60,0,4,9,36.39906725327378
2,61,0,5,1,36.3215208014693
6,68,1,4,5,55.789564761378834
3,48,1,7,0,27.316711621408835
9,92,1,4,2,88.21137568829903
1,93,0,8,5,68.28693846264866
8,65,1,8,4,60.2043013042878
4,45,0,9,1,27.699702088083995
9,87,0,7,7,84.9746148954122
1,50,0,4,6,22.764860136339266
1,49,0,5,7,22.43078213364364
4,86,0,4,2,67.20520487819928
9,73,0,7,0,69.33825034725893
4,70,1,9,2,53.94189246797462
3,51,1,9,2,31.738662822789642
1,90,0,5,6,63.97193774786137
4,83,0,4,9,65.5352049233276
9,55,0,8,8,53.081872210729905
6,42,0,9,7,31.553623170801608
3,97,0,9,0,77.57827129774901
4,64,0,7,1,46.069669559126346
5,74,0,8,4,60.19009663340659
9,74,1,6,5,71.45260010255032
4,61,0,6,4,43.12255572165663
9,76,1,5,2,72.4092525839742
9,74,0,4,8,70.47939976708082
4,84,0,9,7,68.58887918878443
1,59,1,6,0,32.30708300005923
5,81,0,4,4,65.37136689350459
4,43,0,6,7,25.39134022121649
8,97,1,6,3,91.61082403162439
3,55,1,5,2,33.865868758824426
2,43,1,7,8,20.94757000569021
3,77,1,6,1,56.55083694465407
8,54,0,4,4,46.46725475528911
1,76,0,7,3,50.09890703965183
7,55,0,7,3,45.885390327916404
6,86,0,9,5,75.95111962776949
5,46,1,7,9,32.781824589420104
8,73,1,4,7,66.99676344967943
2,40,0,8,1,16.401730405063837
5,71,0,8,0,56.34513838409105
2,97,0,4,4,73.07724317682155
9,44,1,9,7,42.766063696581334
4,69,0,7,2,51.35750024721147
6,55,0,8,3,43.51078802581093
3,41,0,5,8,20.20597860302383
6,80,1,5,5,68.49204201497747
5,50,1,8,3,36.153789424304996
1,79,0,7,4,53.35069484502812
2,68,1,7,9,46.59582952086351
5,54,1,6,8,40.24205268159658
7,95,0,9,6,88.17185834072345
5,51,1,8,8,38.160428272224785
4,64,1,9,4,48.22921078247432
1,71,1,8,1,45.693503692316646
7,57,1,8,6,49.59475447662748
6,46,0,4,7,33.19460914949068
9,84,0,7,4,81.32738012740975
4,45,1,4,8,27.24659753526427
7,53,0,6,6,43.956297931801096
1,43,0,7,7,17.29509340020862
6,55,0,8,6,44.10395846975016
3,90,1,4,5,69.60356969282225
4,58,1,7,1,40.55547177571719
9,43,0,7,4,39.588501031878955
1,90,0,4,6,63.48571779051564
2,80,1,4,1,55.77163909457466
2,88,0,4,8,64.70594412988416
3,49,0,4,1,26.479865807321865
8,54,1,5,4,47.547405577352144
7,43,1,4,1,32.408957061717494
9,50,0,9,3,47.48936755473817
9,50,0,6,5,46.42615464532718
9,47,0,8,9,45.1354241612077
3,90,1,8,6,71.74617300351821
3,83,0,8,0,62.839751161441576
6,83,1,4,7,71.45533334432113
2,89,0,9,0,66.57327750746254
3,53,1,8,1,33.09076226683968
8,41,1,9,1,35.664836225188445
2,81,0,9,2,58.82455293925343
3,75,1,9,4,56.56662437792162
3,59,0,4,2,36.857803702179034
4,98,0,5,1,79.70995865048485
9,45,1,6,8,42.52314874721167
8,87,1,8,4,82.60077301408481
5,75,0,7,5,60.91962159872835
4,84,0,4,6,65.96005592074278
1,81,1,4,9,55.510626126982494
6,74,1,8,1,63.051679313635866
2,67,0,5,5,43.22054337484807
7,67,0,9,3,59.074087538860745
1,50,1,8,5,25.10594734912636
6,75,0,7,7,64.1758908208057
7,41,1,4,2,30.570637660321758
6,59,0,5,9,47.31055480706987
8,41,0,9,1,35.07090536047114
4,50,1,6,9,33.50686813804082
1,71,0,7,8,45.99741723944515
6,94,0,6,5,82.63663128656762
3,61,1,8,7,42.421274685553406
8,56,0,7,4,49.961957510035084
8,75,0,8,9,70.77920225967998
1,91,1,9,7,67.72649336462902
4,53,0,7,1,34.87143370422783
3,97,1,4,2,76.13654933836389
3,48,0,6,9,28.01607213116349
5,51,1,7,1,36.290143945687525
6,95,1,6,7,84.64403055526549
6,43,0,7,1,30.412863809586135
4,96,1,8,9,81.30829435503509
7,64,1,9,0,56.020783635575604
5,44,1,9,2,30.334157252211178
3,46,1,7,4,26.071562663952328
5,78,1,8,3,64.65838978222845
4,98,1,4,9,81.39945740836103
9,81,1,9,5,80.03741006406833
2,58,1,6,1,34.3476072994691
7,82,1,6,9,74.66602103973551
7,42,0,8,3,33.13733154765479
9,57,0,4,4,52.38214133880354
6,59,0,8,2,47.38515030991548
3,68,0,6,6,47.78333051431246
2,94,0,7,5,71.67956220610853
8,62,1,8,3,56.95251349891149
6,70,0,5,7,58.11334369934223
6,60,0,7,3,48.11467527523725
4,41,0,4,9,22.778304386442393
6,43,0,8,6,31.88770117349724
6,96,1,6,4,85.06888155268066
8,46,0,6,0,38.504629213892976
1,58,0,4,6,30.90903166717454
4,83,1,7,7,67.19234869745588
4,40,0,5,4,21.257885495868315
7,58,1,4,1,47.67927868203363
8,84,0,7,3,78.26883438664547
4,53,0,6,7,35.57155463476058
7,83,1,5,5,74.4069285984919
2,78,1,8,2,55.87819952256179
7,96,1,8,2,88.50669676419713
2,83,1,6,0,59.60041985201625
2,40,0,9,2,17.08567384372263
4,71,0,9,7,55.3546004511771
5,47,1,8,7,33.89061902549407
3,57,1,7,2,36.87435155622466
5,84,1,4,7,69.61253252622436
9,68,0,9,3,65.81375349911755
8,71,1,8,7,66.90560039635349
7,87,1,9,7,80.81934115591855
8,97,1,5,7,91.915497999531
8,49,0,9,8,44.59914126049795
5,73,1,9,3,60.054502532802125
4,56,1,9,9,41.07365665820442
8,67,1,5,9,61.77030172152485
7,77,0,9,8,70.24291935897023
8,89,0,5,3,82.38650167872609
1,94,1,5,1,67.64933697143093
7,41,0,6,5,31.5423171542351
7,88,0,7,6,80.07326833655114
8,60,0,7,9,55.022660682018106
2,43,1,4,0,17.907122283148453
9,83,1,4,8,80.23552360398782
3,73,0,6,7,53.07116120239758
8,48,0,9,3,42.59250241257816
4,46,0,9,1,28.71772352943841
5,69,1,9,7,56.77331069263679
6,83,1,6,6,72.23004977769949
9,54,1,6,7,51.48761823808828
2,95,1,9,6,74.46167790818478
7,84,0,4,3,73.94935225515712
1,92,1,6,7,67.28585493394627
3,58,0,4,7,36.828399667389995
4,79,0,6,6,61.84238862866216
6,80,1,9,1,69.64602791910804
3,54,0,5,0,31.858469490126545
8,85,1,8,9,81.55334753794136
9,90,1,4,9,87.55939717478174
9,94,1,6,9,92.60392285489081
7,74,1,8,2,66.11022505440013
4,42,0,8,9,25.741205657179663
8,49,1,6,3,42.74579484661273
8,51,1,9,0,45.647327157419475
1,52,0,9,1,26.243385399211277
9,63,0,4,8,59.2811639121823
2,96,0,9,3,74.29259804088264
2,55,0,4,7,30.91351308387558
1,71,1,4,1,43.748623862933776
2,76,0,7,1,52.56428233647686
2,95,1,7,5,73.29151451218027
7,86,0,6,0,76.36466460861814
1,51,0,8,3,25.1345909631373
4,99,0,4,9,81.82354798499813
9,40,0,8,2,36.625209702535294
2,61,1,7,6,38.87650898744341
8,81,1,5,0,74.24309056866889
1,45,1,4,5,18.070960312971458
8,59,0,5,3,51.845858438093806
3,60,0,7,7,40.32310242213597
6,45,1,8,3,33.92450447698415
6,67,0,5,4,54.46610893133977
3,88,0,9,0,68.41607832555934
5,90,0,8,0,75.68754576982482
3,80,1,8,0,60.37961770209565
8,83,1,6,6,77.95169429660189
6,58,1,9,3,47.64500317193717
5,71,0,5,5,55.87509591861929
4,84,0,8,8,68.3003827127518
9,88,0,6,7,85.5064163794209
7,87,1,4,7,78.38824136918998
3,62,0,5,2,40.39808798358798
2,71,1,4,2,46.80716960369805
2,53,1,6,8,30.641564461888585
6,60,0,6,3,47.62845531789154
2,40,1,5,6,16.52561880430939
8,94,0,9,1,89.02604175225486
8,91,0,6,9,86.09510540665909
3,50,0,5,8,29.368171575213516
7,75,1,4,1,64.98564318505859
7,93,1,6,3,84.67791600675557
1,65,0,4,5,37.83745827534232
6,47,1,8,4,36.158270841006036
3,58,0,8,1,37.58693860889441
4,69,0,5,7,51.37367773908543
1,97,1,6,4,71.7827916967791
5,67,0,9,9,54.53878390783681
4,92,0,4,8,74.49967441420421
7,57,0,9,3,48.89387312531665
5,85,0,6,1,69.82272212967442
1,55,0,5,4,27.94574033783087
6,57,1,6,7,45.95921578379792
7,94,0,4,0,83.536396224762
9,56,0,5,7,52.44351029873409
6,89,1,8,4,78.91517137789123
5,70,0,8,2,55.7225639053628
1,56,0,4,9,29.466159228404948
6,97,1,8,1,86.46617246478729
1,84,0,6,8,58.745476019706764
6,47,0,9,5,36.248283414947515
6,77,1,4,2,64.3585872896293
6,62,1,8,5,51.62631594263525
8,71,0,9,1,65.61154860110344
5,88,0,6,6,73.86540386030305
3,78,0,8,2,58.14509091729568
6,84,1,8,4,73.82506417111918
1,42,0,8,9,17.15873887882607
1,52,0,7,6,26.25956289108523
8,85,1,6,1,78.99911977274533
8,45,0,5,6,38.1867287030713
1,86,1,5,4,60.09833588453488
4,92,1,4,7,74.89588179760844
8,46,0,6,0,38.504629213892976
4,69,1,5,1,50.78126771592428
2,60,1,5,9,37.47921807533681
2,44,0,4,1,18.52893634109862
7,90,0,4,8,81.04609830984896
2,69,1,5,7,46.24596408490034
5,75,0,9,3,61.49661455079363
5,94,0,8,3,80.35280197918169
7,52,1,8,6,44.50464726985543
5,53,0,9,5,39.49558980362277
6,76,1,9,9,67.155730004195
8,52,0,6,2,45.00820482464558
9,97,1,9,3,95.9303061631127
4,83,0,4,1,63.95341707282298
6,46,1,4,5,33.393093051581836
8,87,1,4,5,80.85361666601503
8,46,1,8,7,41.45506436249325
6,89,1,6,5,78.14045494451287
6,59,1,7,4,47.88830817991322
3,77,0,7,3,56.83857299990863
9,79,1,8,6,77.71287070532688
7,71,0,5,5,61.59674043752168
1,78,0,9,9,54.29373072493053
4,61,1,4,0,41.9531527464302
7,90,1,7,2,81.91234815872497
9,41,1,5,2,36.77850213656986
7,92,0,4,7,82.88441771124471
9,82,0,5,8,79.1097912552618
3,62,0,4,6,40.70276195149456
7,93,0,9,0,84.94947457013618
9,53,0,6,7,49.87566593201657
6,75,0,4,2,61.72861354220317
2,89,0,4,7,65.52624208992549
4,81,1,5,4,63.590695456116414
2,67,0,9,6,45.363146685544
4,55,1,5,8,37.91303190615408
5,54,0,8,6,40.22511476894456
3,79,1,9,2,60.24326318071311
7,89,0,4,6,79.63262990586841
4,70,1,9,1,53.74416898666154
6,42,1,6,8,30.88661764479486
4,87,1,9,2,71.24825697099959
9,72,1,5,2,68.33716681855657
6,65,0,8,1,53.29555547672887
2,55,1,6,3,31.688989938032016
4,55,1,5,5,37.31986146221485
7,59,0,9,4,51.12763948933854
4,93,0,6,5,75.8969653263108
2,40,1,4,8,16.43484580958983
8,81,0,4,3,73.75611019054509
7,43,0,4,2,32.01274967831326
5,54,0,8,8,40.62056173157071
8,90,1,7,7,85.76178782474153
7,47,0,8,1,37.8319917918007
4,99,0,6,8,82.59826441837649
1,66,0,8,2,40.20718910214037
1,70,1,8,9,46.25727010146685
2,69,0,5,4,45.05886277624381
2,54,0,8,8,32.038094953217104
8,40,0,9,8,35.436948288308265
1,92,1,6,7,67.28585493394627
6,55,1,4,4,42.357562542458446
6,77,1,8,4,66.69891408163832
9,49,0,9,3,46.47134611338377
2,76,1,5,6,53.174390693068126
9,51,1,4,7,47.46111399933363
2,59,0,6,5,35.5625918013585
8,88,0,5,7,82.159374162624
7,91,0,5,1,81.16627533935755
1,83,1,7,6,58.41215843778922
3,41,1,4,1,18.9296251412039
6,56,0,4,9,43.770270525660926
2,64,0,4,0,38.69164168687373
8,75,0,4,9,68.8343224302971
6,70,0,4,9,58.02257070462266
4,51,0,5,9,33.44473875733221
1,62,0,5,5,35.26961390862483
3,78,0,4,2,56.20021108791281
6,54,1,5,5,42.023484539762826
2,76,0,9,5,54.3276161764206
5,97,1,7,5,83.91002417324268
4,44,1,6,9,27.39873948991437
7,78,0,8,5,70.18155039903971
3,59,1,8,9,40.780678765470746
1,49,1,4,5,22.14304607838909
8,63,1,4,8,57.01427251744841
9,56,1,8,3,53.70520711023624
6,84,0,9,5,73.91507674506067
9,63,1,5,9,60.55903821555841
9,82,0,7,6,79.68678420732707
4,60,1,8,4,43.67090505971097
7,54,1,7,7,46.2521936765316
6,60,1,6,2,48.024662701295775
5,41,1,5,7,26.323830505330463
3,43,0,6,8,22.728241443078367
3,99,1,6,8,80.33137302364261
5,99,1,8,9,87.22318093854952
4,80,0,9,0,63.13272905417525
7,84,0,6,3,74.92179216984857
4,57,1,8,1,40.023670291708505
6,64,0,7,1,51.79131407802874
6,93,1,5,7,82.12176771521095
4,87,0,8,8,71.35444703681503
6,93,1,5,9,82.5172146778371
7,73,0,8,3,64.69599622964148
8,56,0,7,0,49.17106358478278
3,63,1,6,5,43.089430690944646
6,42,1,8,5,31.265887115547066
4,54,1,9,7,38.642166812869455
1,89,1,8,5,64.80878356194833
4,78,1,9,2,62.0860639988099
8,76,1,5,4,69.94387728714915
7,91,0,9,2,83.30887865005349
9,43,1,4,6,39.11921898718527
9,70,0,4,7,66.2095905203501
9,72,1,7,5,69.9027771771872
6,78,1,5,6,66.65372261358175
4,48,1,4,3,29.312044452762116
1,67,1,4,6,40.66515550408153
6,70,0,7,1,57.89944272615519
7,92,0,9,7,85.3155174979733
7,62,1,4,9,53.333152297955884
6,55,1,6,4,43.33000245714988
1,87,1,7,5,62.28652072189379
4,67,1,6,1,49.23144479056116
8,80,1,9,7,76.55401332588889
3,99,0,5,1,77.86715783238805
6,52,0,6,4,39.68200726836934
6,84,1,4,7,72.47335478567555
4,92,0,8,8,76.44455424358708
1,95,0,6,9,70.14143535591836
5,70,1,8,0,55.92104780745395
4,74,1,4,9,56.96694281585521
1,69,1,7,2,43.368964333575185
8,92,1,4,5,85.94372387278707
2,89,0,8,1,66.2847810314299
9,87,0,5,9,84.39762194334693
2,82,1,6,6,59.768739298540304
3,49,0,4,7,27.666206695200323
4,80,0,5,0,61.187849224792394
5,51,0,7,1,35.69621308097022
2,60,1,9,1,37.842310054215055
2,88,0,8,8,66.65082395926703
6,75,0,8,9,65.05755774077758
5,72,0,7,3,57.470110312038976
5,98,1,6,2,83.84865521331213
7,62,1,8,4,54.28941472077337
9,82,0,8,8,80.56845112729894
5,41,1,4,8,26.03533402929783
6,99,1,5,6,88.03217288202433
3,78,1,5,5,57.873532353915074
1,76,0,9,7,51.86224087959557
6,87,1,4,2,74.53880170317339
7,40,0,6,1,29.733401787628388
9,57,1,8,3,54.723228551590644
5,97,0,9,4,84.09080974190371
5,59,1,9,0,45.209031909901164
3,73,0,8,6,53.84587763577594
3,81,0,6,2,60.22671532666747
4,63,0,9,3,46.41953499508953
5,94,1,4,0,78.4086825705769
7,75,1,8,4,67.5236934583807
3,46,0,4,9,25.00758933376325
9,49,0,7,5,45.894353161318485
7,40,1,8,6,32.28838997360251
2,89,1,5,5,66.21094594936238
9,84,0,9,3,82.10209656078811
4,91,1,8,9,76.21818714826304
7,87,1,7,9,80.24234820385328
9,92,1,9,5,91.23564591896684
9,71,0,7,5,68.29082487111549
4,60,1,7,8,43.97557902761755
4,80,0,7,8,63.742076989988426
4,81,0,8,1,63.86225401949702
2,40,1,5,9,17.118789248248618
2,83,1,8,4,61.36375369195999
2,94,0,6,0,70.20472484219744
2,86,1,6,2,63.04993113870564
7,97,0,7,7,89.4331847900539
3,70,1,7,1,49.91090681251891
7,74,1,9,4,66.99189197437201
7,96,0,9,6,89.18987978207784
6,89,0,5,5,77.06030412244985
8,44,0,8,2,37.83647320850174
7,89,1,5,7,80.91050420924452
8,75,1,8,2,69.98906875520575
7,66,0,4,5,56.02041327340391
1,54,0,7,7,28.493329255107128
7,44,0,5,2,33.516991077013394
3,91,0,7,7,71.88176710412267
7,50,1,5,0,39.823603627231
7,45,0,7,5,36.10062287699845
3,86,1,9,0,66.97396630756782
2,98,0,8,8,76.83103837281112
6,66,0,9,8,56.18386124462052
1,90,0,7,7,65.14210114386586
6,69,0,5,5,56.69987529536167
1,74,0,4,0,46.011033840966626
2,81,0,9,4,59.21999990187958
9,76,1,6,5,73.48864298525913
9,71,1,5,0,66.923698414576
6,74,1,8,6,64.04029672020124
3,71,0,4,5,49.66723144237117
8,62,0,4,3,54.413702804811315
2,72,1,9,8,51.44263171965951
1,64,1,8,0,38.36963012152271
8,63,1,8,3,57.9705349402659
4,78,0,4,6,59.851927272616315
9,85,1,5,0,81.17599859353774
1,52,0,5,8,25.68256993901995
9,62,0,9,1,59.31017788836494
3,75,0,6,9,55.50265104773255
6,55,0,4,6,42.15907864036729
3,55,1,8,5,35.9176990748008
3,81,0,8,8,62.38549612923736
2,94,1,6,8,72.38044355741937
8,95,0,7,6,90.0602406854832
7,50,0,6,8,41.297680570364015
9,51,0,7,1,47.139502118775006
6,67,1,5,0,54.26914587080477
4,40,0,6,2,21.34865849058788
4,95,0,9,8,79.98483852499601
8,82,0,9,5,77.60067838125423
9,63,1,9,6,61.910747601002036
1,86,0,6,9,60.97924238372867
7,64,1,6,9,56.341635095356146
5,99,0,4,7,84.28892328182317
8,68,0,5,1,60.61260444765734
4,56,0,6,9,39.02106592144997
7,99,0,6,6,90.78528423410393
8,83,0,4,4,75.98987655456699
7,99,1,4,3,89.81360474019058
9,75,1,7,9,73.74773542650274
7,91,1,4,9,82.85577409723376
6,90,0,6,3,78.16909855852381
3,42,0,9,4,22.3779859485088
6,52,0,4,4,38.709567353677905
3,40,1,7,3,19.76571053451279
8,87,0,7,6,81.91606915464794
9,89,1,9,3,87.78613463227745
7,93,1,6,4,84.87563948806863
6,70,0,8,1,58.38566268350092
8,48,0,9,4,42.79022589389124
3,69,1,6,7,49.59300630169725
3,98,0,7,2,78.01929978703814
2,97,1,5,9,75.14601140544997
9,76,0,5,9,73.19938608844842
7,55,1,4,5,45.41610828322272
1,76,1,7,3,50.692837904369135
3,63,1,9,9,45.3389844882341
6,48,1,4,0,34.44051852772527
3,62,0,7,0,40.975080935653246
8,74,0,7,7,68.87951389835368
6,46,0,6,2,33.17843165761672
8,69,1,4,5,62.52923072163565
9,74,1,8,4,72.22731653592868
4,96,0,7,9,80.22814353297207
8,72,1,7,8,67.63512536167525
6,92,1,5,3,80.31285234860425
3,67,1,5,3,46.27984953639041
9,42,1,7,1,38.57124001130263
4,57,1,4,1,38.078790462325635
2,92,1,5,3,68.86956331079946
2,66,0,7,4,42.977238366871994
7,40,0,7,6,31.20823915153948
7,45,0,9,7,37.46850975431604
9,50,1,6,2,46.42691506610526
6,73,1,4,8,61.47284241209011
8,78,0,8,1,72.2514787332386
8,60,0,5,2,52.66615639813515
1,95,0,8,4,70.12525786404441
1,52,1,6,3,25.7741033545176
2,77,1,8,5,55.453348525146616
1,91,1,6,3,65.47693956733957
7,40,0,8,2,30.9035651836329
5,78,1,6,6,64.27912031147625
5,71,1,5,0,55.48040937677121
9,88,0,8,8,86.67657977542541
6,43,0,4,5,29.745097862801302
1,48,0,9,5,22.962193559045943
8,45,0,9,0,38.9452676445757
7,93,1,4,6,84.29864653600336
8,74,0,5,5,67.5116270210361
6,57,0,8,8,46.53544831508513
1,99,0,6,1,72.63173327083138
7,54,0,6,7,45.17204285446858
2,56,1,5,3,32.22079142204071
7,82,0,4,4,72.11103285376137
2,54,0,8,0,30.456307102712493
2,58,0,8,4,35.31928679338245
4,65,0,5,2,46.31297456710241
2,61,0,9,0,38.06867714953908
9,62,0,6,7,59.03785890420625
3,52,1,4,7,31.314201883980864
4,67,1,7,1,49.71766474790687
6,96,0,6,6,84.8703976505895
8,76,0,9,4,71.2948262518147
6,83,1,6,7,72.42777325901258
1,72,0,6,4,45.73832479820155
6,83,1,7,1,71.72765232847982
7,84,1,7,6,76.5951134358508
4,75,1,8,9,59.92984408659249
9,58,1,4,2,53.598646682249104
7,72,1,9,4,64.95584909166317
1,83,0,4,5,56.161844219721694
7,86,0,5,7,77.26250902046397
9,50,0,9,9,48.67570844261663
8,81,0,6,2,74.53082662392345
6,41,1,7,8,30.354816160786164
3,65,1,6,6,45.323197054966535
7,56,0,4,0,44.851581453294436
3,56,0,9,3,36.43256264615746
2,69,1,9,1,47.00450302640474
3,79,0,6,0,57.7952254813325
4,63,1,5,9,46.25492691830244
6,43,0,8,9,32.48087161743647
5,77,0,9,1,63.137210470876305
5,68,1,8,9,55.66451625656283
1,91,0,6,2,64.68528522130919
4,45,0,9,9,29.281489938588606
7,85,0,6,7,76.73070753645527
2,52,1,4,5,28.057932661903514
6,70,0,7,4,58.49261317009442
2,87,1,7,3,64.75189601871884
1,94,1,6,3,68.53100389140278
7,52,0,8,5,43.71299292382505
9,46,0,8,5,43.32650879460099
2,78,0,8,4,55.67971562047064
1,78,0,7,8,53.12356732892602
6,97,1,5,4,85.60068303668936
3,81,0,6,6,61.01760925191977
2,44,1,5,1,19.609087163161647
7,40,1,8,9,32.88156041754174
1,77,0,6,5,51.026155486286676
2,54,1,4,7,30.48942250723848
7,69,0,6,1,59.256023586906274
5,71,0,5,8,56.468266362558516
8,53,0,5,2,45.54000630865428
5,67,1,6,1,52.09226705001236
5,63,0,5,5,47.73092438778402
2,68,1,9,6,46.97509899161572
4,73,0,7,9,56.81365038182064
2,69,0,8,3,46.319799166967876
1,55,1,7,4,29.51211111723962
4,42,0,4,9,23.796325827796807
8,97,0,9,7,93.26644696419655
9,83,1,7,3,80.70556606945956
5,64,0,7,3,49.325938781203696
1,80,0,6,3,53.68477284772374
1,83,0,5,3,56.252617214441266
3,43,1,6,1,21.938107938604148
1,46,1,5,0,18.586584305106193
7,85,1,8,0,76.91301394667249
8,48,0,8,2,41.90855897391938
6,59,0,8,0,46.98970334728933
4,40,1,8,5,23.508199713935852
8,93,1,5,1,86.65707134623489
1,66,0,8,2,40.20718910214037
9,60,1,8,1,57.381845913027725
6,63,1,9,3,52.735110378709216
7,74,1,5,7,65.64018258892838
7,60,0,5,8,50.99167502656241
1,99,1,9,3,75.079770970212
9,52,1,7,7,49.93779531272518
1,46,0,8,1,19.6490367937391
2,63,1,7,6,40.912551870152235
5,82,0,5,2,66.48016132957858
2,52,0,6,1,27.645547786625322
7,78,0,5,0,67.73427312043717
3,91,1,6,7,71.98947801149427
7,61,1,8,0,52.48049935416666
6,51,1,9,3,40.51885308245631
3,97,0,7,1,76.80355486437065
7,83,1,5,9,75.19782252374421
3,98,1,7,4,79.00867761438161
6,66,1,4,9,54.54441580392233
7,62,1,8,0,53.49852079552107
3,69,0,6,2,48.01045803041456
7,74,0,8,1,65.31857070836975
7,64,1,4,8,55.171471699351635
7,71,0,4,1,60.31962655492365
9,63,0,7,9,60.93754726553252
7,75,1,6,1,65.95808309975004
2,81,1,4,9,58.37144838643369
6,70,0,9,2,59.069606122159705
2,71,0,6,7,48.17429606023756
3,59,1,6,3,38.62189796290085
8,98,1,8,2,93.40356190635717
4,79,0,8,5,62.617105062040515
6,57,1,6,5,45.56376882117177
2,85,1,9,5,64.0837400133276
7,74,0,9,8,67.188855034907
7,42,0,6,3,32.164891632963354
7,43,1,9,6,35.82867425501146
1,44,0,4,8,17.05217845083896
6,68,0,9,7,58.02218064601626
6,41,0,8,5,29.653934809475338
8,66,0,7,2,59.746724960953024
8,72,0,4,6,65.18708766229463
8,60,0,5,3,52.86387987944823
9,70,0,9,3,67.84979638182637
8,92,0,7,5,86.8084528801069
4,88,1,4,6,70.62607255087772
2,64,0,6,3,40.257252045504394
2,44,1,4,0,18.92514372450286
2,59,1,6,2,35.56335222213658
1,68,0,7,8,42.94335291538193
2,48,1,6,2,24.36511636723808
4,67,0,7,8,50.5077982523811
2,66,0,4,5,41.716301976147925
8,47,1,8,6,42.27536232253458
7,67,0,8,3,58.587867581515034
8,87,0,5,3,80.35045879601728
5,69,0,7,6,55.00921643191497
6,61,1,6,1,48.844960661337105
2,59,0,8,3,36.13958475342378
5,42,0,6,2,26.245523632747897
6,44,0,5,1,30.45844533624912
7,65,0,8,3,56.55182469880622
8,96,1,8,5,91.96068946758757
7,52,1,6,9,44.12537779910323
5,54,0,4,9,38.873405383500916
6,65,0,4,0,51.152952166032925
4,87,1,8,9,72.14610138284542
5,48,0,5,3,32.065155804841716
8,82,0,8,5,77.11445842390853
8,45,1,9,9,41.318709841110696
3,42,0,8,9,22.880383397728465
5,53,0,7,0,37.534532482365954
8,63,0,5,8,56.90656161007683
3,83,1,9,1,64.11762546481768
9,54,1,7,3,51.182944270181686
6,76,1,4,3,63.53828932958796
6,83,1,6,9,72.82322022163873
2,42,1,6,8,19.44332860699008
4,73,0,7,4,55.82503297525526
3,92,0,8,0,72.00194413363127
9,78,1,6,7,75.92013283059413
2,82,0,9,2,59.842574380607836
2,85,1,4,7,62.048087189225164
9,71,0,4,6,67.02988848039143
4,82,0,6,6,64.89645295272538
4,87,0,5,2,68.70944627689943
2,96,0,8,2,73.60865460222385
1,86,1,5,0,59.30744195928258
8,79,1,8,6,74.85204844587568
6,42,0,4,9,29.517970346699194
1,85,1,7,8,60.8436482831242
9,50,0,5,8,46.5331051319207
8,61,0,6,9,55.5544621660268
8,61,1,9,3,56.4207120149028
2,57,1,7,5,34.606699740712706
9,95,1,4,5,91.85861045630148
8,84,0,4,6,77.40334495854756
7,90,1,8,9,83.78263248526221
4,48,1,7,8,31.759321731364643
5,62,0,5,9,47.50379687168191
2,63,1,6,9,41.019502356745754
3,79,1,4,9,59.19622776317606
7,46,0,9,8,38.684254676983535
9,56,1,5,9,53.43288812607755
5,94,0,5,9,80.080482995023
2,41,0,6,5,17.23820585697913
5,74,1,4,2,58.443700706114875
7,67,0,5,8,58.11782511604327
9,58,1,7,2,55.05730655428625
7,77,0,7,6,68.87503248165262
1,94,1,8,4,69.70116728740729
5,74,1,7,1,59.704637096838944
9,57,0,7,1,53.24763076690146
4,50,1,9,3,33.77918712219951
2,49,1,6,0,24.987690845966334
1,56,1,8,9,32.00496992250512
1,65,0,8,9,40.5732320299775
1,70,1,4,0,42.53287894026629
4,71,1,5,1,52.81731059863309
6,60,1,9,1,49.285599092019844
1,99,1,4,3,72.6486711834834
7,57,0,8,9,49.5939940558494
6,54,0,9,7,43.76988046705453
8,40,0,7,7,34.266784892303754
5,90,0,5,5,75.21750330435307
6,81,0,4,7,68.825359596895
7,84,0,7,0,74.81484168325505
7,85,0,9,5,77.79392044586626
1,50,1,4,2,22.567897075804275
3,63,0,4,2,40.929889467596674
6,91,1,9,1,80.84426377400652
1,73,1,9,1,48.215766532371184
7,43,1,4,3,32.80440402434365
5,49,1,5,0,33.0839376669742
6,41,1,7,8,30.354816160786164
4,77,1,6,5,60.202553129357575
6,67,0,6,7,55.54549933262471
4,40,0,9,4,23.20276532525118
4,48,0,7,7,30.967667385334245
3,44,0,6,9,23.943986365745857
8,81,1,5,1,74.44081404998198
3,97,1,7,1,77.39748572908798
2,60,0,6,6,36.77833672402598
8,47,0,6,7,40.90671502443892
3,56,0,4,5,34.39690982205503
1,88,1,7,4,63.10681868193512
5,79,0,9,8,66.55731772277665
1,46,0,8,5,20.439930718991405
7,46,0,7,8,37.7118147622921
6,54,0,7,2,41.80882314579771
7,46,0,5,0,35.15758699709607
4,86,0,8,4,69.5455316702083
6,61,0,6,0,48.05330631530672
3,89,0,9,3,70.02727021085298
6,55,1,7,0,43.025328489243286
8,77,1,7,9,72.92295604976036
9,77,0,4,4,72.74257016589172
7,80,0,8,0,71.22897587518312
2,98,1,6,7,76.25480584152393
2,43,1,7,8,20.94757000569021
2,61,0,8,7,38.9665215613849
2,97,1,7,9,76.11845132014139
6,76,0,9,9,66.5617991394777
4,61,1,8,0,43.89803257581307
3,52,0,6,7,31.692710933954977
5,76,1,8,5,63.01779386214579
6,76,1,4,0,62.94511888564873
4,84,0,8,6,67.90493575012565
4,79,0,5,2,60.56527474606414
5,84,0,9,2,70.46108404167023
8,92,0,5,7,86.23145992804163
9,79,1,6,9,77.33360123457467
4,94,0,5,9,77.21966073557181
4,48,0,4,6,29.31128403198403
1,71,1,6,7,45.90740466550367
3,90,1,9,9,72.82556340480315
1,91,1,5,6,65.58389005393309
9,88,1,6,2,85.11172983757282
4,69,1,8,6,53.22854499452681
2,97,0,7,0,73.7450091236064
4,42,1,9,2,25.43729211005116
6,90,1,5,0,77.6836390219562
7,97,0,9,9,90.8010716673715
9,65,0,8,8,63.262086624274
5,69,0,5,4,53.6413295545974
8,96,0,7,0,89.89192123895916
3,57,1,5,7,36.89052904809862
8,95,0,9,2,90.24178667492234
5,42,1,7,3,27.523397936124006
3,79,1,5,5,58.89155379526948
9,68,0,5,2,63.67115018842161
9,90,0,8,2,87.52628177025576
7,64,1,7,0,55.04834372088417
6,53,1,6,9,42.282576981006436
2,77,1,6,7,54.876355573081334
9,47,1,8,7,45.33390806329886
1,75,0,5,3,48.108445683605986
4,55,1,6,3,37.41063445693441
1,53,1,6,1,26.396677833245853
2,64,0,7,1,40.34802504022395
7,43,0,4,4,32.408196640939416
1,96,0,8,3,70.94555582408574
2,60,1,5,4,36.49060066877143
2,83,1,9,7,62.44314409324493
5,64,0,8,8,50.8007761451148
7,49,1,4,5,39.30797963509625
8,91,0,8,4,86.07892791478514
1,68,0,4,4,40.69379911809248
7,49,1,8,9,42.04375338973143
2,88,1,5,6,65.39064798932105
3,61,1,6,3,40.657940845609666
7,65,1,6,7,56.9642095740844
9,48,0,5,3,43.508444842646504
4,70,0,5,4,51.79852873650061
2,63,1,5,8,40.33555891808697
6,48,0,7,4,36.09614146029741
6,62,1,4,8,50.27460655719161
5,75,1,9,6,62.68371585945017
6,93,1,5,5,81.7263207525848
8,67,0,7,9,62.148810771498965
8,96,0,8,3,90.9713116402441
5,81,0,7,9,67.8186441721071
7,81,1,9,6,74.51348902647902
6,56,1,7,0,44.04334993059769
6,63,0,9,9,53.327520401870366
5,54,1,6,2,39.055711793718125
9,83,0,7,3,80.11163520474227
6,59,1,6,5,47.59981170388058
9,43,0,7,7,40.181671475818185
9,44,1,4,4,39.741793465913524
9,92,1,9,4,91.03792243765378
3,47,0,7,3,26.297929759276343
1,61,1,7,6,36.01568672799221
8,81,1,9,4,76.97886432330407
5,61,0,4,7,45.60410851035562
7,49,0,9,0,40.15653115054214
6,54,0,4,7,41.33878068032595
6,47,1,8,4,36.158270841006036
5,70,0,7,8,56.42268483589553
7,61,0,8,5,52.875185896014735
4,47,0,4,8,28.688709553255777
7,43,0,8,2,33.95762950769613
8,69,0,6,0,61.919122365044394
1,57,0,6,3,30.270279696572324
1,92,1,4,6,66.11569153794176
1,68,0,8,1,42.04550850353612
6,83,0,5,0,69.96355806775802
8,46,1,8,8,41.65278784380633
3,90,0,5,9,70.28675271070298
8,95,0,9,4,90.63723363754849
4,63,0,4,8,44.97705261492633
2,58,0,9,7,36.39867719466739
9,98,1,7,4,96.1736111710888
2,89,0,6,9,66.89412896724309
7,95,1,6,5,87.10940585209053
7,67,1,7,6,59.28874893282585
1,80,1,5,4,53.990207236408416
5,93,0,4,2,77.19217722713134
8,73,0,5,4,66.29588209836862
1,49,0,7,9,23.798669010961227
5,80,0,8,9,67.28684268809843
6,65,0,7,7,53.995676407261605
8,69,1,9,4,64.76260702705116
5,59,1,9,0,45.209031909901164
4,47,1,9,8,31.713740204701658
4,99,1,6,1,81.80813091390226
5,54,1,6,6,39.84660571897043
7,44,0,6,6,34.79410495961141
6,74,0,6,9,63.067096384731734
5,96,0,4,1,80.04851806988151
9,78,0,9,3,75.99396791266165
3,73,1,4,6,52.49492867111038
4,99,0,9,5,83.46375384647442
7,54,1,8,6,46.540690152564245
1,95,1,6,6,70.14219577669644
9,40,0,9,3,37.30915314119408
1,67,0,9,4,42.10687746346665
9,40,1,5,3,35.95820417652853
9,90,0,7,3,87.23778529422313
9,80,0,7,8,78.0461882872444
7,51,0,4,0,39.76147424652239
6,44,1,8,0,32.3133125916905
2,53,0,6,5,29.45446315323204
9,87,1,8,5,85.6593187548491
8,75,1,6,1,68.81890535920124
2,54,1,8,1,31.247961448742892
6,58,1,9,8,48.63362057850255
1,44,0,5,5,16.94522796424544
2,82,0,9,2,59.842574380607836
3,78,0,9,3,58.82903435595447
9,44,0,9,9,42.56757979449018
9,91,0,7,0,87.66263629163831
3,75,0,7,4,55.00025359851288
3,57,1,5,6,36.692805566785545
9,68,0,8,2,65.12981006045877
5,44,1,5,3,28.58700090414139
7,64,1,6,8,56.14391161404307
9,49,1,8,9,47.76539790863382
7,63,0,9,6,55.595172217382334
2,89,1,4,3,65.3292790293905
5,60,0,9,0,45.63312248653826
6,64,0,5,5,51.609768088589625
2,86,0,6,5,63.04917071792756
9,83,1,6,5,80.61479307474002
8,89,1,8,2,84.24136893416747
8,62,1,6,1,55.584626621593905
3,52,0,7,4,31.58576044736146
7,70,1,4,4,60.48870642222578
1,80,0,9,0,54.55026227582166
5,95,0,8,8,82.35944082710151
5,89,0,6,0,73.69708441377898
1,77,1,7,4,51.90858282703662
7,61,0,8,0,51.88656848944935
1,54,0,9,6,29.26804568848548
1,42,1,8,9,17.752669743543386
6,93,1,8,1,82.39408669936964
6,45,0,8,2,33.13285013095375
6,65,1,5,4,53.02399691334826
3,40,0,8,8,20.64661703370657
6,58,0,7,4,46.2763558738415
3,46,0,7,7,26.070802243174242
8,59,0,8,7,54.09541223538326
5,69,1,6,3,54.52375689534734
7,70,0,9,4,62.325875344237055
9,57,0,4,1,51.78897089486431
4,80,1,5,1,61.97950357082278
3,40,1,7,9,20.95205142239125
3,98,0,6,5,78.12625027363165
3,61,1,8,6,42.22355120424033
7,55,0,4,3,44.42673045587926
9,41,0,6,9,38.0548555983898
1,94,1,9,9,71.17600465131838
2,65,1,9,5,43.72331118623941
8,44,0,7,8,38.53659413903447
3,73,0,8,1,52.85726022921056
8,89,1,6,0,82.8734820568499
6,64,1,8,8,54.25552926928331
9,87,1,7,2,84.57992835356413
5,93,1,4,9,79.17017246104018
5,69,1,8,5,55.89164377266493
8,90,1,4,1,83.11678706482593
7,90,1,6,8,82.6124690892577
2,69,1,5,2,45.25734667833496
5,50,0,7,3,35.073638602241964
5,53,0,7,9,39.31404381418364
2,55,0,9,1,32.1582719827257
8,89,1,4,6,83.0873830300369
3,43,1,6,5,22.729001863856453
9,93,0,8,9,91.96441046351055
8,53,1,8,0,47.19715008278258
2,44,0,5,0,18.817432817131255
5,70,0,5,6,55.05479795857796
2,94,0,9,5,72.65200212079998
1,49,0,6,8,23.114725572302433
1,66,1,5,9,40.726524464012066
3,55,0,9,0,34.82137076086382
5,69,0,9,9,56.574826790545636
9,60,0,8,8,58.17197941750195
3,84,0,9,0,64.34399256014169
5,98,1,6,5,84.44182565725137
5,93,0,7,5,79.24400754310773
8,93,0,4,6,86.56553793073724
8,69,0,7,0,62.405342322390105
8,65,0,8,7,60.203540883509724
2,68,0,6,4,44.52706129223511
7,64,1,8,6,56.72090456610835
9,65,0,7,8,62.77586666692827
2,76,0,6,1,52.07806237913115
2,73,0,7,8,50.89428238160517
9,42,0,5,9,38.58665708239851
4,97,1,9,3,81.62619486585675
3,93,1,9,1,74.29783987836177
5,44,1,7,5,29.95488778145897
2,88,1,8,5,66.65158438004511
9,47,1,4,2,42.400410827350605
3,80,0,8,8,61.367474687882954
2,52,1,8,2,29.40964204734714
9,95,0,5,6,91.94862303024297
4,58,0,6,0,39.27759747234109
3,67,1,5,1,45.884402573764255
1,71,1,6,0,44.523340296312135
2,93,0,8,4,70.95003724078677
4,42,1,7,2,24.464852195359732
9,71,1,8,9,70.16186961843084
8,47,0,6,2,39.918097617873535
4,53,0,6,8,35.76927811607366
9,95,0,6,0,91.24850209971024
3,68,0,9,0,48.05564949847115
7,81,0,6,8,72.8563452523507
5,97,0,6,4,82.63214986986657
6,57,1,8,6,46.73393221717628
2,42,0,8,8,19.821837656964192
2,77,0,5,7,53.796204751018315
4,48,0,6,8,30.67917090930161
6,79,1,4,2,66.39463017233811
5,82,1,4,7,67.57648964351554
4,47,1,7,0,29.159512439505626
6,88,1,7,6,77.80637694181726
7,68,0,6,9,59.819789996056464
2,40,0,5,1,14.943070533026692
5,60,0,8,4,45.93779645444486
2,48,1,6,7,25.353733773803462
7,95,0,7,2,86.40852450077969
9,81,0,6,8,78.5779897712531
5,61,1,6,1,45.98413840188591
7,48,1,6,3,38.86695114580713
9,47,1,4,0,42.00496386472445
9,81,1,7,9,79.85586407462921
2,75,1,8,2,52.82413519849856
8,83,1,4,0,75.792913494032
3,76,1,7,4,56.61220590458459
1,69,0,8,5,43.85442387014283
6,64,0,6,3,51.70054108330918
2,80,0,9,2,57.80653149789901
7,48,0,8,9,40.431801083659714
1,41,0,7,3,14.468156592247496
6,43,0,5,5,30.231317820147005
6,53,1,4,4,40.32151965974962
8,52,0,4,1,43.83804142864107
8,63,0,9,0,57.26965358895507
6,71,0,9,8,61.27396845139257
1,96,0,8,0,70.3523853801465
8,92,0,5,5,85.83601296541548
5,70,0,5,3,54.46162751463873
3,51,0,5,7,30.188469535254846
2,64,1,6,9,42.03752379810016
6,86,1,4,2,73.52078026181897
4,90,1,8,3,74.01382481903016
1,47,1,9,3,22.14265601978269
8,82,1,9,6,78.39233272728461
2,45,1,6,3,21.508775524487923
7,82,1,9,7,75.7292339491465
4,92,0,4,8,74.49967441420421
9,77,0,7,0,73.41033611267656
6,76,0,6,4,64.11452186087516
3,41,1,6,1,19.902065055895328
3,74,0,9,5,55.15239555316298
7,85,1,7,5,77.41541139589214
7,92,1,8,0,84.03916403615335
3,87,0,9,5,68.38667429077032
9,46,1,4,4,41.77783634862235
8,61,0,4,6,53.98885180739614
4,71,1,8,9,55.85775832117485
3,98,1,8,3,79.29717409041425
5,66,0,5,3,50.38954174922109
6,99,1,8,5,89.29310927274841
3,83,0,5,5,62.36970869596981
5,90,1,5,9,76.60232809432267
2,81,1,5,9,58.857668343779416
2,48,0,9,9,26.613909743749446
9,73,0,7,0,69.33825034725893
1,48,1,6,9,22.888358476978418
2,54,0,5,7,30.381711599866883
5,47,0,8,4,32.70351771683753
6,97,0,7,0,85.18829816141118
8,58,0,9,6,53.365887270061485
1,81,0,5,2,54.018850850419376
8,47,0,7,7,41.39293498178463
8,57,1,6,0,50.29679593350878
9,74,0,9,9,73.10822303512248
7,67,0,9,9,60.2604284267392
5,85,1,6,1,70.41665299439174
4,86,0,6,9,69.56170916208225
8,93,0,5,8,87.44720485070911
1,90,0,7,5,64.7466541812397
1,64,0,8,5,38.764316663370785
5,96,1,5,7,82.31500977982299
5,42,1,6,3,27.03717797877829
9,89,1,5,3,85.84125480289461
4,99,0,4,9,81.82354798499813
3,74,1,9,6,55.94404989919337
4,58,1,4,5,39.88770582893235
7,90,1,7,5,82.50551860266418
8,82,0,8,3,76.71901146128238
1,85,0,9,6,60.82671037047218
7,47,0,5,3,36.768778882389704
9,46,1,8,3,43.524992696692145
7,40,1,6,4,30.920503096284925
9,64,0,9,7,62.532561658952226
1,72,1,4,1,44.7666453042882
1,44,0,9,1,18.099213868375998
4,44,0,5,6,25.725418223912108
9,56,1,7,4,53.41671063420359
7,92,0,9,9,85.71096446059946
7,97,0,8,4,89.32623430346041
5,47,0,8,1,32.1103472728983
6,73,1,7,9,63.12922576544033
5,79,0,8,0,64.48930991492634
9,40,1,5,0,35.3650337325893
3,68,0,6,7,47.98105399562554
3,75,0,4,2,53.14614676384958
7,76,1,6,8,68.36016891029598
6,68,0,4,5,55.195633896661526
3,44,0,6,3,22.7576454778674
5,71,1,4,6,56.18053030730395
2,91,1,7,1,68.42853482151031
6,63,0,9,8,53.12979692055729
8,58,0,8,1,51.89104990615039
1,51,0,8,7,25.925484888389605
7,73,1,6,8,65.30610458623275
2,46,0,4,0,20.367255742494365
3,42,1,5,6,21.422483946469406
8,77,0,7,6,71.73585474110382
9,89,0,6,3,85.73354389552301
4,89,1,6,2,71.82563998167126
7,93,1,5,4,84.38941953072293
9,44,0,4,0,38.35696867594391
7,69,0,7,1,59.742243544251984
4,65,0,4,7,46.815372016322065
3,93,1,6,5,73.63007393157693
2,86,0,6,2,62.45600027398833
6,60,1,7,6,49.30177658389379
9,43,0,4,6,38.52528812246796
8,40,0,8,3,33.96211092439717
4,56,0,6,6,38.42789547751074
6,90,1,5,2,78.07908598458235
9,98,0,8,5,96.26362374503026
5,73,0,8,6,59.567522154678336
9,84,1,6,2,81.0396440721552
6,45,0,4,2,31.187970301570893
7,46,0,7,4,36.920920837039795
2,52,1,4,1,27.26703873665121
2,90,1,7,0,67.21278989884283
6,56,1,7,1,44.24107341191077
6,76,1,9,6,66.56255956025578
2,95,0,6,8,72.80453413405647
1,93,1,5,3,67.02676249270266
4,63,1,8,5,46.92269286508728
9,92,0,7,0,88.68065773299273
4,84,1,6,4,67.13097973752537
1,62,1,5,0,34.87492736677675
8,42,0,8,8,36.98677121367138
3,54,1,6,6,34.124961200068036
6,88,1,6,4,76.92471002184539
7,97,1,5,9,89.45012270270595
7,45,0,4,6,34.83968648627438
8,62,0,5,1,54.50447579953089
9,83,1,6,8,81.20796351867924
3,84,0,8,3,64.4509430467352
4,93,1,6,9,77.28179011628043
9,84,0,8,5,82.01132356606854
7,42,1,6,8,33.74743990424606
1,42,1,5,8,16.096286390193164
9,99,1,8,1,97.08468212584967
1,54,1,5,1,26.92847931725455
7,47,0,7,6,38.334389241020354
8,92,0,5,0,84.84739555885011
9,92,0,8,6,90.35321857821691
6,57,0,4,0,43.008780635197645
7,69,1,8,8,62.20645873550655
6,42,0,7,8,30.778906737423263
9,45,1,4,9,41.74843231383331
7,77,1,7,4,69.0735163837438
1,82,1,4,4,55.54003016177152
1,57,1,6,6,31.457381005228875
5,95,0,6,4,80.59610698715775
3,66,1,6,9,46.93438894026017
2,79,1,4,5,55.54451157847256
5,68,1,6,2,53.30801197267986
2,94,0,4,5,70.22090233407138
6,85,1,4,0,72.10731185783843
5,66,1,5,4,51.18119609525147
6,72,1,5,1,59.55697655888989
4,72,0,6,4,54.320791576555145
5,83,0,6,5,68.57757317221791
7,40,1,7,9,32.39534046019603
5,89,1,7,1,74.97495871715509
8,73,0,9,7,68.83393237169071
9,64,1,6,3,60.87693872638008
3,54,1,6,6,34.124961200068036
1,82,1,9,6,58.36657691112625
8,89,0,8,7,84.63605547601554
1,94,1,6,4,68.72872737271587
9,98,1,9,3,96.94832760446712
6,89,0,7,7,78.42819099976742
9,91,1,5,3,87.87729768560342
5,49,1,4,5,33.58633511619386
6,60,1,9,3,49.681046054645996
9,54,0,8,1,50.67978640018395
9,95,1,5,0,91.35621300708183
6,44,0,9,0,32.2056016843189
6,64,1,4,3,51.322032033335056
6,95,1,8,4,85.0233000260177
2,61,1,9,0,38.662608014256385
7,64,1,7,0,55.04834372088417
1,48,0,4,0,19.542476365751988
9,66,1,5,3,62.426761651743185
3,58,0,5,8,37.512343106048796
3,77,0,8,6,57.91796340119358
4,54,1,6,8,37.381230422145386
2,84,1,4,8,61.227789229183834
7,44,0,6,7,34.991828440924486
2,63,1,5,0,38.753771067582356
2,94,1,8,0,71.77109562160618
5,98,0,6,1,83.05700086728174
8,67,1,4,3,60.09774087630067
8,51,1,4,6,44.40256825856935
6,77,1,8,9,67.68753148820369
1,83,1,9,0,58.1982574646022
7,99,0,8,7,91.95544763010844
3,84,0,9,3,64.93716300408093
2,75,0,9,9,54.1004886603185
1,45,0,9,6,20.105852716295793
8,77,0,8,5,72.02435121713648
2,98,0,8,7,76.63331489149806
1,46,0,4,7,18.890497852234702
4,95,0,5,6,77.64451173298701
4,62,0,7,4,44.62679712035675
8,91,1,4,6,85.12342591274572
9,54,0,9,3,51.56145332015581
7,57,0,5,2,46.75126981462072
5,59,1,6,8,45.33215988836863
1,85,0,9,6,60.82671037047218
8,88,0,7,2,82.14319667075003
4,71,0,5,5,53.01427365916809
2,93,0,7,4,70.46381728344105
2,60,1,8,7,38.5424309847478
1,96,0,9,5,71.8272227440576
3,88,0,9,0,68.41607832555934
9,69,1,4,4,65.19232949977376
9,93,1,8,3,91.37200044034938
5,98,0,8,5,84.8203347072255
6,64,0,9,9,54.34554184322479
7,77,0,8,3,68.76808199505913
8,91,0,9,5,86.76287135344393
9,96,0,7,0,92.75274349841035
9,96,0,7,8,94.33453134891494
6,54,1,8,1,42.691250486547666
7,91,0,9,3,83.50660213136658
2,83,1,6,2,59.995866814642405
9,74,1,8,2,71.83186957330253
4,91,0,4,9,73.67937645416288
4,40,1,6,7,22.931206761870577
5,73,0,6,0,57.40874135210844
3,52,1,5,7,31.800421841326575
8,97,1,5,2,90.9268805929656
5,48,0,8,8,34.51243308344424
2,89,1,9,4,67.95810229743216
1,49,0,7,3,22.61232812308277
4,95,1,6,4,78.32921559242388
2,87,0,6,9,64.85808608453428
1,48,0,8,2,21.882803157760996
7,92,1,4,0,82.09428420677048
1,42,0,4,7,14.818412086817062
2,69,0,8,8,47.30841657353326
1,83,0,7,4,57.42278061044576
1,49,1,9,9,25.36503979036997
4,57,0,4,3,37.88030656023448
9,85,1,4,0,80.68977863619202
9,57,1,7,2,54.03928511293184
2,73,1,5,6,50.12032636900491
2,62,0,5,1,37.339542242823704
2,92,0,8,5,70.12973928074544
5,40,0,6,5,24.802651193978306
8,77,0,8,9,72.81524514238879
5,78,1,4,1,62.31806299021944
5,46,1,7,8,32.58410110810703
2,57,0,6,1,32.73565499339737
9,43,0,4,7,38.72301160378104
4,91,0,6,7,74.25636940622815
6,48,1,6,6,36.59929933029516
7,47,1,9,6,39.9007600204291
8,57,0,6,1,49.90058855010455
8,81,0,4,5,74.15155715317124
6,85,1,7,0,73.56597172987557
3,65,0,5,8,44.63849319552967
9,79,0,9,2,76.81426587270298
2,61,0,5,6,37.31013820803468
3,83,1,4,8,63.070590047280625
5,86,1,7,6,72.90951179965725
2,60,0,4,3,35.21272636539532
8,87,1,9,1,82.49382252749129
5,65,1,6,5,50.84711809255585
1,75,1,8,2,49.96331293904736
3,54,0,7,6,34.01725029269644
8,99,1,6,3,93.6468669143332
6,70,1,7,3,58.888820553498654
1,86,1,7,3,60.87305231791323
4,73,0,4,8,55.15726702847042
1,41,0,4,3,13.00949672021035
3,81,0,6,3,60.42443880798054
5,69,0,8,1,54.506818982695314
5,47,0,4,7,31.35180833139389
4,91,1,4,3,73.08696643100171
3,46,0,7,4,25.477631799235013
5,51,0,7,7,36.882553968848676
4,97,0,6,3,79.5736041291023
8,58,1,7,4,52.591931257461205
8,67,1,9,5,62.9242876256554
5,53,0,9,2,38.90241935968354
4,53,1,9,8,37.82186885282811
3,45,1,7,4,25.053541222597914
2,53,0,4,4,28.284299757227537
9,52,1,5,4,48.37218495409453
1,66,1,6,3,40.02640353347932
1,74,1,8,0,48.5498445350668
2,41,0,9,5,18.696865729016274
3,87,0,6,3,66.53256745610702
9,40,0,4,0,34.28488291052627
6,77,0,7,0,64.82786933432297
4,90,0,5,9,73.14757497015418
8,84,0,9,5,79.63672126396307
9,63,0,9,7,61.514540217597805
7,49,0,6,0,38.697871278505
3,74,1,8,7,55.65555342316073
6,46,0,5,3,32.889935181584086
2,74,0,6,2,50.23974297773541
7,56,1,7,8,48.4859600405535
5,54,0,9,4,40.315887763664115
8,51,0,7,8,45.66274422851534
3,62,1,6,6,42.2691327309033
7,65,1,4,8,56.18949314070604
9,44,1,5,6,40.6234603858854
7,70,0,4,8,60.68566948276078
7,93,0,6,8,85.07260254860364
5,45,1,7,4,30.7751857415003
6,84,1,9,2,73.91583716583875
4,47,1,9,9,31.911463686014734
7,87,1,4,7,78.38824136918998
9,96,1,7,4,94.13756828837995
5,54,0,5,3,38.17328445296818
9,43,1,8,6,41.06409881656814
9,76,1,4,0,71.52758566400232
3,49,0,6,0,27.254582240700216
9,45,1,7,4,42.218474779305076
3,43,1,8,4,23.503718297234805
9,93,1,5,2,89.71561708699917
6,95,0,5,6,83.36615625188938
2,79,1,7,9,57.79406537576201
8,65,0,8,3,59.41264695825742
1,81,0,6,6,55.29596473301739
8,52,0,5,0,44.12653790467372
1,61,1,7,9,36.60885717193144
2,88,0,5,1,63.808099718038356
6,44,1,5,1,31.052376200966428
9,77,1,7,5,74.99288438395925
2,50,0,4,1,24.63706498922508
4,77,1,8,6,61.37271652536209
8,83,1,4,2,76.18836045665816
7,64,1,8,0,55.534563678229894
8,91,0,8,4,86.07892791478514
6,54,1,6,6,42.70742797842161
3,56,0,9,7,37.22345657140976
1,42,0,9,2,16.260894466980254
7,91,1,4,9,82.85577409723376
2,77,1,5,0,53.00607124654409
8,40,0,7,0,32.88272052311222
6,46,1,4,1,32.60219912632953
7,65,1,6,3,56.173315648832094
6,78,1,6,3,66.54677212698823
3,94,0,9,0,74.52420697368578
9,66,0,4,2,61.148887348367076
5,87,1,7,0,72.74119235313319
4,49,1,6,1,30.907058846181805
6,58,1,9,9,48.83134405981563
2,55,0,8,1,31.67205202537999
6,67,0,5,5,54.663832412652845
2,60,1,6,5,37.174544107430215
7,47,0,6,7,38.04589276498772
9,49,0,9,4,46.66906959469684
8,49,0,4,0,40.58625362326476
5,72,0,5,7,57.28856432259986
8,95,1,6,2,89.37705766760249
3,92,0,4,4,70.8479582295007
6,63,1,9,6,53.328280822648445
7,75,1,5,1,65.47186314240432
5,70,1,4,6,55.16250886594954
8,56,0,9,4,50.93439742472652
9,98,1,8,9,97.64844853499986
7,87,1,8,2,79.34450379200746
9,47,1,9,8,46.017851501957644
6,71,1,4,7,59.23907604806822
9,86,1,6,9,84.45975132405553
5,77,1,5,8,63.17032587540229
9,93,1,8,6,91.96517088428863
1,51,1,5,2,24.072138474504392
7,67,0,5,2,56.93148422816481
9,94,0,9,5,92.67775793695836
9,95,0,5,1,90.9600056236776
6,96,0,6,3,84.27722720665028
8,42,0,8,4,36.19587728841908
4,58,1,4,7,40.2831527915585
5,49,0,6,6,34.16256764748106
8,69,0,5,7,62.81696677689022
4,99,0,5,3,81.1234270544654
4,63,1,9,1,46.61801889718068
8,65,0,4,8,58.45638453543993
6,75,1,4,0,61.927097444294326
6,99,1,8,7,89.68855623537456
6,87,1,6,6,76.30213554311715
1,63,1,8,3,37.944779124107534
5,54,1,5,1,38.37176835505934
9,90,1,9,8,89.79277348019724
9,40,0,5,7,36.15516723706353
1,61,1,9,3,36.39495619874442
8,90,1,7,5,85.36634086211538
1,79,1,4,3,52.28824235639521
8,94,0,7,4,88.64677228150265
3,88,0,9,8,69.99786617606395
3,94,1,7,5,75.13431533027705
8,60,0,4,6,52.97083036604173
4,77,1,7,5,60.688773086703286
2,61,1,5,3,37.31089862881276
4,93,1,8,8,78.05650654965879
6,82,1,9,3,72.077517764443
6,41,0,4,1,26.918161054840176
5,96,0,7,0,81.30945446060556
7,57,0,7,7,48.71232713587752
4,87,0,8,5,70.76127659287579
6,64,1,7,4,52.97841538668528
5,98,1,6,3,84.04637869462522
4,61,1,7,1,43.60953609978042
9,54,0,5,3,49.61657349077296
4,84,1,9,2,68.19419264693636
8,95,1,8,9,91.73356195148546
9,80,0,9,2,77.8322873140574
8,45,1,6,1,38.27826211856894
7,50,0,6,9,41.49540405167709
3,77,0,8,4,57.52251643856743
9,47,1,9,1,44.63378713276611
3,83,0,8,4,63.63064508669388
6,97,1,5,9,86.58930044325476
6,42,0,8,1,29.88106232557744
2,52,0,6,0,27.447824305312245
2,88,0,5,4,64.40127016197758
1,55,0,6,2,28.036513332550435
6,52,0,4,1,38.116396909738675
9,98,1,8,1,96.06666068449525
7,56,0,9,5,48.2712986465884
6,70,1,4,4,57.627884162774585
6,54,1,4,1,40.746370657164796
4,59,1,4,7,41.30117423291292
1,76,1,9,7,52.456171744312876
4,43,1,6,3,25.194377160681498
8,87,0,5,8,81.33907620258267
4,87,0,5,0,68.31399931427327
3,84,1,9,4,65.72881735011131
8,41,0,8,5,35.37557932837773
2,57,0,9,6,35.182932271999896
1,88,0,9,8,64.27622165716156
3,47,1,4,5,25.828647714582665
3,41,0,9,6,21.75541146978054
1,68,0,5,9,42.168636482003585
4,66,1,5,4,48.320373835800275
2,73,0,4,0,47.853834659063416
7,56,1,9,4,48.66750602999263
1,62,0,6,6,35.95355734728361
3,72,1,5,2,51.17223326184939
1,51,0,7,3,24.64837100579159
6,78,1,7,3,67.03299208433393
9,54,1,8,6,52.26233467146664
3,40,0,6,1,18.290112749823606
4,83,1,4,6,65.53596534410568
2,96,0,7,5,73.71560508881737
1,73,0,5,6,46.6655732448364
7,56,1,6,5,47.40656963926856
8,99,1,6,1,93.25141995170705
8,85,0,5,1,77.91896895068231
8,40,0,7,3,33.47589096705145
1,96,1,4,2,69.3968833781071
1,80,1,7,0,54.17175322584753
9,90,0,6,9,87.93790622475586
6,86,1,6,1,74.29549669519733
2,52,0,6,0,27.447824305312245
1,98,1,9,6,74.65491997279679
5,92,0,5,9,78.04444011231419
7,49,0,5,4,39.00254524641159
2,41,1,7,4,18.120633197729084
3,49,1,4,0,26.876073190726103
3,79,0,9,3,59.847055797308876
8,64,1,6,1,57.62066950430273
2,47,1,6,3,23.544818407196743
2,60,1,8,0,37.15836661555627
8,61,1,8,7,56.72538598280939
7,84,0,7,9,76.59435301507273
5,66,1,5,4,51.18119609525147
5,81,0,8,0,66.52535279763515
9,96,1,8,9,95.61240565229105
3,47,0,4,2,24.64154640592612
4,95,1,5,6,78.2384425977043
1,57,0,4,6,29.891010225820132
4,81,1,9,8,66.32646921075158
3,92,0,5,0,70.54328426159412
3,71,0,5,3,49.75800443709074
8,67,0,9,4,62.13263327962502
3,94,1,5,4,73.96415193427254
7,71,1,8,8,64.24250161821536
8,79,1,6,0,72.6932676433058
9,47,0,8,8,44.937700679894625
6,74,0,7,6,62.960145898138215
8,60,1,7,1,54.0348036962308
1,86,1,6,1,59.991385397941364
3,73,0,9,9,54.92526803706088
6,55,0,4,6,42.15907864036729
9,43,0,7,9,40.57711843844434
9,73,1,6,5,70.4345786611959
9,85,0,8,7,83.42479197004911
8,50,1,5,6,43.87076677456066
2,52,0,8,4,29.21115814525598
2,64,0,5,4,39.96875556947176
6,57,0,7,5,45.45605791380017
2,89,1,4,0,64.73610858545126
9,69,0,9,9,68.01811582835043
7,85,1,9,7,78.78329827320974
9,93,1,4,4,89.6248440922796
6,48,1,8,1,36.583121838421214
9,89,0,7,6,86.81293429680795
8,80,0,5,1,72.82886174391027
8,92,1,5,5,86.4299438301328
3,64,0,9,9,45.763075064871195
8,79,0,8,5,74.0603940998453
2,42,0,6,1,17.46533337308123
3,43,1,6,7,23.124448826482606
5,71,0,4,4,55.191152479960486
7,73,1,5,9,65.01760811020011
6,66,0,5,8,54.23898141523767
9,93,1,4,4,89.6248440922796
2,78,1,5,3,54.617263131837724
5,77,1,4,5,62.09093547411734
6,57,0,8,4,45.74455438983282
1,75,0,7,6,49.674056042236636
9,60,1,9,7,59.05440675825189
2,69,0,9,0,46.21284868037436
6,73,1,9,6,63.50849523619254
8,47,0,5,8,40.61821854840628
5,67,0,8,9,54.0525639504911
7,55,0,5,3,44.91295041322498
1,87,0,8,2,61.585639370582975
8,75,0,7,6,69.69981185839501
5,52,1,5,1,36.33572547235051
7,75,0,6,7,66.55049312291118
8,64,0,6,8,58.41080300877696
7,92,0,8,3,84.03840361537527
3,56,1,4,8,35.584011130711566
3,97,1,7,2,77.59520921040104
1,69,1,8,6,44.646078216173215
5,97,0,7,2,82.72292286458614
5,82,0,8,3,68.13654468292879
8,76,0,6,0,69.04527245452525
4,42,1,7,2,24.464852195359732
5,76,0,9,3,62.51463599214804
5,57,1,4,5,41.73050664702914
7,72,1,8,6,64.86507609694362
6,54,1,5,6,42.2212080210759
3,94,0,9,4,75.31510089893808
8,71,1,5,9,65.8423874869425
8,58,1,9,1,52.97120072821341
1,95,1,8,1,70.12601828482249
3,59,0,7,7,39.30508098078156
9,92,0,7,6,89.86699862087119
5,50,0,9,7,36.836972442185704
8,95,1,4,6,89.19551167816337
2,50,0,6,2,25.807228385229585
9,83,1,6,3,80.21934611211387
9,55,1,6,1,51.31929879156424
2,94,1,5,0,70.31243574956903
1,66,1,8,0,40.405673004231524
9,55,1,7,4,52.39868919284918
6,98,1,6,4,87.10492443538948
6,98,0,7,7,87.59038397195712
2,99,0,4,9,76.10190346609576
7,91,0,7,0,81.94099177273591
2,85,0,8,6,63.20131267257765
6,73,0,9,3,62.321393927536
9,53,1,6,9,50.86504375936003
1,59,1,5,4,32.611756967965825
3,80,0,4,1,58.03853048930855
2,77,0,7,8,54.96636814702281
8,42,1,6,8,36.608262163697255
3,80,0,4,2,58.236253970621625
5,93,1,8,6,80.52188184648384
1,74,1,7,0,48.06362457772108
6,68,0,5,5,55.68185385400725
5,56,1,4,2,40.1193147617355
5,54,0,6,3,38.65950441031389
9,60,0,5,4,55.9224256202125
2,90,0,9,0,67.59129894881696
2,67,1,6,9,45.091588122163394
3,60,1,5,1,38.758252484283396
9,99,0,8,0,96.29302777981928
4,91,0,9,9,76.11047624089144
4,78,1,7,3,61.31134756543154
6,81,1,4,7,69.41929046161232
5,75,0,7,6,61.117345080041424
3,65,0,5,0,43.05670534502506
9,65,0,5,1,60.41936238304532
3,63,1,4,9,42.907884701505516
3,51,1,4,1,29.109839554748
2,47,0,9,1,24.01410045189042
7,93,1,6,1,84.28246904412941
4,48,0,7,4,30.374496941395016
3,87,1,8,3,68.09893823551576
2,63,0,4,3,38.26679068945855
9,55,1,6,3,51.714745754190396
7,49,1,6,5,40.28041954978769
2,44,0,9,5,21.7509300530795
7,54,1,5,3,44.48885983658787
8,59,1,5,7,53.23068322806342
2,41,1,8,3,18.40912967376172
6,55,1,9,2,44.393215366560874
9,73,0,6,1,69.0497538712263
6,63,1,4,8,51.29262799854602
1,67,1,4,7,40.86287898539461
6,76,1,4,6,64.13145977352718
2,88,1,4,8,65.29987499460148
3,75,1,6,1,54.514794061945246
6,68,1,6,4,56.56428119475719
9,87,0,4,1,82.3296141354966
3,70,1,5,2,49.136190379140565
3,46,1,4,6,25.008349754541335
8,81,0,7,9,76.40111095046069
7,49,1,6,4,40.08269606847461
6,73,0,7,4,61.54667749415764
7,48,1,9,8,41.314228424409656
1,76,1,7,1,50.29739094174298
9,92,1,5,3,88.89531912695784
7,42,1,5,3,32.272602540334965
6,53,1,5,7,41.40091006103457
7,89,1,9,2,81.866766632062
1,97,0,5,4,70.70264087471608
2,67,0,8,7,45.07465020951137
1,48,0,7,2,21.396583200415286
4,90,1,4,8,73.05756239621269
6,73,1,8,1,62.033657872281445
1,58,1,6,3,31.882232002644052
3,57,0,7,6,37.07131461675966
1,63,0,9,1,37.44162125410978
7,47,0,7,1,37.34577183445497
7,67,0,9,1,58.67864057623459
8,45,1,7,5,39.555376001166955
4,88,0,9,0,71.27690058501054
7,44,0,5,4,33.91243803963955
7,54,0,5,9,45.08126985974902
3,54,0,8,3,33.91029980610292
3,67,0,7,9,47.84469947424298
3,62,0,4,4,40.307314988868406
4,48,0,7,0,29.583603016142717
8,69,0,4,6,62.13302333823142
9,55,1,4,2,50.544582358185885
3,40,0,7,6,19.764950113734706
9,98,1,9,1,96.55288064184097
9,57,0,5,0,52.07746737089696
9,97,1,9,1,95.53485920048655
7,88,0,8,2,79.76859436864456
2,84,1,8,6,62.77722209594055
4,60,1,4,8,42.5169191555804
8,85,0,5,8,79.30303331987383
2,85,0,7,7,62.912816196545
7,64,1,4,7,54.97374821803856
3,85,0,8,0,64.87579404415038
4,56,1,5,0,37.34926549700388
3,85,0,8,0,64.87579404415038
5,84,1,5,9,70.49419944619623
4,93,1,7,1,76.18622222312152
8,43,0,5,5,35.952962339049414
6,86,1,4,4,73.91622722444512
9,63,1,8,7,61.6222511249694
2,62,0,8,9,40.37998996536546
8,70,0,8,5,64.89820112765562
7,52,0,8,1,42.92209899857274
3,46,1,9,9,28.032619985209138
1,83,1,6,9,58.51910892438274
9,67,1,6,7,64.72189697569561
9,57,0,8,3,54.129297686873336
5,40,1,4,5,24.424142144004193
6,89,1,7,8,79.21984534579781
5,90,0,5,1,74.42660937910077
7,72,0,4,3,61.73309495890421
1,92,0,8,0,66.28029961472888
6,44,0,6,7,32.13100618147329
9,79,0,6,5,75.94877644460507
9,52,0,9,5,49.92085740007315
7,81,1,8,7,74.22499255044639
4,82,1,8,8,66.85827069476028
3,56,1,7,9,37.24039448406179
7,74,0,9,1,65.80479066571547
3,74,1,4,1,52.524332705899404
2,57,1,7,1,33.8158058154604
6,89,1,7,0,77.6380574952932
1,85,1,5,2,58.684867480554324
6,66,1,4,4,53.555798397356945
9,40,0,5,8,36.35289071837661
2,60,0,4,5,35.60817332802147
5,88,0,6,9,74.45857430424226
4,64,0,9,1,47.04210947381778
9,96,0,8,3,93.8321338996953
4,41,1,8,7,24.92166811791641
2,87,0,9,5,65.52585203131912
5,99,1,9,3,86.52306000801676
6,93,1,8,2,82.59181018068273
5,53,1,6,3,38.23541383367678
4,89,0,7,8,72.90426996217812
9,41,1,6,2,37.26472209391557
6,73,1,6,2,61.258941438903086
3,74,0,7,3,53.784508675845395
6,93,0,6,7,82.01405680783935
8,54,1,5,9,48.536022983917526
9,51,0,9,0,47.914218552153365
3,92,0,7,9,73.29523550810322
2,77,1,8,6,55.65107200645969
4,81,1,7,0,63.77224144555553
2,42,0,9,2,19.12171672643145
1,69,1,5,1,42.19880093757069
6,55,0,5,1,41.656681191147634
3,97,1,9,0,78.17220216246633
1,67,1,7,7,42.321538857431754
3,84,1,5,3,63.586214039415374
7,57,1,5,1,47.14747719802495
6,69,1,6,5,57.78002611742469
3,41,0,8,7,21.4669149937479
5,99,1,7,4,85.7483435746384
7,93,1,7,8,86.15275337066666
6,94,1,9,2,84.09605157938284
2,62,0,4,9,38.43511013598259
6,80,0,8,4,69.15904754098423
8,85,0,6,0,78.20746542671495
3,81,0,9,9,63.06943956789615
5,66,0,7,5,51.75742862653866
8,74,1,8,1,68.77332383253827
5,46,0,5,9,31.215453810011347
3,97,1,6,0,76.71354229042919
6,90,1,6,8,79.7516468298065
5,50,0,5,5,34.496645650176696
5,49,0,7,5,34.451064123513696
6,60,0,6,1,47.23300835526539
3,98,0,8,1,78.3077962630708
5,75,0,8,7,61.801288518700225
3,68,1,5,3,47.29787097774483
4,49,0,4,6,30.329305473338444
4,94,0,5,1,75.6378728850672
4,79,0,5,6,61.356168671316446
8,52,1,6,9,46.986200058554424
3,61,0,8,6,41.62962033952302
4,77,0,7,1,59.30394829673367
7,84,0,7,0,74.81484168325505
1,97,1,9,8,74.03234549406855
2,61,1,5,1,36.915451666186605
2,70,1,4,1,45.59142468103057
5,47,0,4,9,31.747255294020043
4,44,1,6,7,27.003292527288217
2,81,0,4,7,57.38207055909023
2,59,0,8,3,36.13958475342378
9,68,1,4,8,64.96520198367165
5,66,0,6,5,51.27120866919295
1,64,1,6,3,37.990360650770505
3,73,1,5,9,53.57431907239533
3,72,0,7,9,52.93480668101504
2,50,1,7,5,27.480549651231847
3,97,0,4,5,76.13578891758581
7,57,0,8,2,48.209929686657865
3,86,1,4,8,66.12465437134387
7,80,1,9,9,74.08863802906384
7,98,0,4,4,88.39937591543193
9,68,1,7,7,66.22613837439573
5,68,0,9,6,54.963634905252
5,99,1,6,4,85.2621236172927
3,65,1,4,0,43.16441625239664
8,58,1,5,3,51.42176786145671
6,41,1,9,1,29.943191706286065
5,40,1,8,5,26.36902197338705
2,66,0,9,5,44.147401762876505
4,93,0,4,9,75.71541933687169
8,84,0,9,2,79.04355082002382
1,91,1,9,5,67.33104640200287
9,80,1,5,4,76.876785312018
6,56,1,8,9,46.309081219761104
4,70,0,8,7,53.85035905247698
1,61,1,7,7,36.21341020930529
9,92,1,4,5,88.80454613223827
4,67,0,9,3,50.49162076050715
9,77,1,9,8,76.55849474258991
3,82,1,5,1,61.15472419408041
7,64,1,4,7,54.97374821803856
8,75,0,4,1,67.2525345797925
7,98,1,7,5,90.64969013349946
3,50,0,7,8,30.34061148990495
8,69,0,9,5,64.36639964364693
4,53,1,9,1,36.437804483636576
5,88,0,5,8,73.77463086558348
5,92,1,7,8,79.41308741040984
6,72,1,4,2,59.268480082857245
1,80,0,5,4,53.39627637169111
4,58,1,9,9,43.10969954091323
9,95,0,5,7,92.14634651155606
4,64,1,8,9,48.73160823169399
8,65,0,4,8,58.45638453543993
5,72,1,8,7,59.341155059354314
9,43,0,6,5,39.30000455584632
8,90,1,6,8,85.4732913487089
5,44,1,9,1,30.1364337708981
1,61,1,4,1,33.568409449389684
8,57,1,7,6,51.96935677873295
3,90,1,8,2,70.9552790782659
8,86,1,5,8,80.91498562594555
8,53,1,4,5,46.24088765996509
8,63,0,5,6,56.511114647450675
1,60,0,6,1,32.928897058009404
6,64,1,6,8,53.28308935459187
1,58,1,8,8,33.84328932390087
2,46,1,7,9,24.199357811066513
4,86,1,7,2,69.25779561495375
8,47,0,5,0,39.03643069790167
1,40,0,9,6,15.01574550952374
5,54,0,8,7,40.422838250257634
8,65,0,7,3,58.926427000911694
2,97,0,5,8,74.35435705941958
1,79,0,4,1,51.29886452905175
9,97,0,6,9,95.06405631423672
3,72,1,8,6,53.42178705913884
6,62,1,8,0,50.63769853606987
1,52,1,6,3,25.7741033545176
5,96,0,7,5,82.29807186717096
3,84,0,9,7,65.72805692933323
2,86,1,7,7,64.52476850261672
7,77,0,5,9,68.49576301090045
5,80,1,6,7,66.51288667549815
9,81,1,5,1,77.30163630943318
2,48,0,7,7,25.246022866431865
3,62,0,6,2,40.88430794093369
5,65,0,4,9,50.071641238399415
6,69,0,9,5,58.64475512474453
8,85,0,9,7,81.05018966794361
5,58,0,9,5,44.58569701039482
5,65,0,9,6,51.90957058118877
3,81,1,9,3,62.477029544735
1,62,1,8,6,37.519928126692356
5,88,0,4,4,72.49751698298545
5,67,1,5,0,51.40832361135357
4,40,1,7,5,23.02197975659014
6,77,1,6,6,66.12192112957302
4,48,0,8,2,30.465269936114588
7,99,1,6,2,90.58832117356894
1,44,0,8,7,18.79933479890874
5,98,0,6,6,84.04561827384714
9,64,0,5,5,60.19223486694322
5,81,0,5,7,66.45075729478953
8,97,0,6,0,90.42372272296785
4,64,1,7,2,46.86132390515673
4,48,1,5,8,30.78688181667321
5,54,1,5,9,39.95355620556395
9,84,0,4,3,79.67099677405952
4,59,1,4,4,40.70800378897369
6,47,1,6,4,35.1858309263146
5,96,1,6,8,82.99895321848177
9,84,0,9,9,83.28843744866657
4,72,0,6,7,54.913962020494374
2,72,0,8,2,49.17614000971803
4,85,1,6,8,68.93989510413206
2,95,1,5,7,72.714521560115
5,93,0,8,5,79.73022750045345
4,91,1,4,3,73.08696643100171
8,46,0,9,2,40.358736048556274
8,93,0,8,3,87.91724731618089
6,79,0,9,6,69.02269301960169
9,60,0,7,4,56.89486553490392
5,56,0,8,5,42.063434170340294
1,86,0,6,6,60.38607193978944
9,57,0,6,3,53.1568577721819
2,63,1,6,9,41.019502356745754
9,63,1,4,9,60.072818258212685
7,86,1,8,6,79.11737627590534
8,58,1,6,7,52.698881744054724
6,81,0,7,3,69.49312554367984
6,99,1,5,2,87.24127895677202
9,44,1,4,4,39.741793465913524
8,56,0,5,4,48.98951759534366
5,89,0,7,0,74.1833043711247
7,78,0,6,5,69.20911048434826
2,85,1,8,5,63.59752005598188
7,47,0,7,9,38.92755968495958
2,40,0,9,8,18.27201473160109
6,41,0,9,3,29.744707804194903
8,43,0,5,9,36.74385626430172
6,87,1,5,3,75.2227451418322
7,42,1,9,8,35.2060997762832
3,45,1,9,2,25.63053417466319
3,60,1,8,1,40.21691235632054
5,99,1,9,3,86.52306000801676
4,67,0,6,8,50.02157829503539
3,93,0,5,6,72.74764659082697
4,77,0,4,5,58.63618234994883
6,82,0,5,9,70.7250479582213
6,75,0,4,6,62.519507467455476
6,79,0,5,1,66.08919578365345
9,78,1,4,1,73.76135202802422
1,65,0,8,1,38.991444179472886
6,64,1,4,4,51.51975551464813
5,56,0,8,0,41.07481676377491
8,76,1,5,1,69.35070684320993
2,61,1,7,7,39.074232468756485
3,61,0,6,1,39.668563018266205
7,53,1,5,1,43.07539143260731
4,65,1,8,7,49.35418271042224
5,61,1,9,4,48.03596871786228
1,69,0,8,8,44.44759431408206
3,55,0,5,7,34.2605553006725
9,77,0,4,0,71.95167624063942
8,45,1,4,0,37.10809872256443
8,43,1,7,0,36.53071571189276
8,45,1,7,5,39.555376001166955
9,65,0,7,4,61.98497274167597
8,50,0,7,9,44.842446268474
3,80,0,6,1,59.010970403999984
1,48,0,8,3,22.080526639074073
5,90,1,4,8,75.91838465566389
1,57,1,6,1,30.468763598663493
5,56,1,7,6,42.36886855902495
6,40,0,5,2,26.58408305214455
5,76,0,5,2,60.372032681452104
9,87,1,5,9,84.99155280806426
8,95,0,9,6,91.03268060017464
4,95,1,5,8,78.63388956033046
1,65,0,9,0,39.27994065550552
3,96,0,8,7,77.45809426824044
8,96,1,4,1,89.2249157129524
4,69,1,4,1,50.295047758578555
6,49,0,5,5,36.33944646827347
9,78,0,7,1,74.62608103534407
8,46,1,7,7,40.96884440514753
7,74,1,5,7,65.64018258892838
5,59,1,8,9,46.50232328437314
6,65,1,4,1,51.94460651206331
6,65,1,6,5,53.70794035200705
8,82,1,6,5,76.7359493739344
7,74,0,9,2,66.00251414702853
6,74,0,6,6,62.473925940792505
8,72,1,7,2,66.44878447379679
3,72,1,4,1,50.48828982319059
5,51,1,5,1,35.317704030996104
4,65,1,7,7,48.86796275307652
2,53,1,5,9,30.353067985855937
9,89,0,9,3,87.19220376756016
4,98,1,9,7,83.43511023246347
2,85,0,6,3,61.635702313946986
5,82,0,9,5,69.01821160290066
3,85,0,7,6,65.57591497468312
2,98,0,7,1,74.96075404627388
2,94,1,8,9,73.55060695342388
5,74,0,9,4,60.6763165907523
1,98,1,9,3,74.06174952885758
9,78,0,8,9,76.69408884319441
9,88,0,8,2,85.49023888754695
4,80,1,9,1,63.924383400205635
4,77,0,9,2,60.474111692738184
9,70,0,9,9,69.03613726970482
2,98,0,7,9,76.54254189677849
8,87,1,4,9,81.64451059126733
1,48,1,8,5,23.06990446641754
3,46,0,5,8,25.296085809795883
9,52,0,9,7,50.316304362699306
1,49,1,4,2,21.54987563444986
